index,critical_temp
0,41.06751133223675
1,25.455708624424545
2,67.31776661187524
3,61.370829166428145
4,65.44405272838071
5,76.74795020934934
6,67.68024789227931
7,51.99651327021845
8,56.189935660626254
9,72.25669451217007
10,23.708545751880663
11,20.866948691066455
12,66.79986551120692
13,66.62626775472481
14,69.02666396950926
15,69.02666396950926
16,69.02666396950926
17,69.02666396950926
18,78.4840717318722
19,48.16953844552455
20,48.917017829793174
21,67.28566836844448
22,18.718959283255323
23,68.36869603683823
24,69.26262911970224
25,70.68789918571213
26,23.708545751880663
27,66.60183653986772
28,82.44041308950725
29,82.6694378969199
30,28.594349192275324
31,94.02607066958888
32,97.33806313393004
33,80.03969408974561
34,92.20752823810056
35,69.33620344911299
36,66.67406992922417
37,66.80990858587012
38,68.62840417859192
39,65.10292405068267
40,73.12337230738223
41,72.19092290538674
42,21.206766357316198
43,83.54560293163507
44,69.02666396950926
45,83.54560293163507
46,51.24926544489478
47,70.01852858740816
48,70.15299256232586
49,75.68100001150916
50,75.00958043170593
51,71.3788606429149
52,66.38048713112244
53,63.028664187280874
54,66.62626775472481
55,81.40556466263786
56,79.81518469865557
57,79.08168102134368
58,38.96904529557198
59,40.041012458358914
60,69.15470127390512
61,80.03969408974561
62,69.14288698869817
63,74.56968034186511
64,76.85021923085296
65,71.62982707623038
66,74.0598773185387
67,68.91154654330404
68,72.1551143044197
69,80.03969408974561
70,81.28065054797781
71,63.77633968058398
72,72.63762050284203
73,65.29275722985861
74,23.708545751880663
75,78.99532726830046
76,35.822204852976576
77,34.52447530529435
78,69.09598079320696
79,66.59545034315786
80,65.33753005634637
81,67.28787365401544
82,58.14381823554677
83,22.65942601489312
84,60.82106036514306
85,26.61577796374639
86,69.26262911970224
87,54.411861610372775
88,69.68396655713778
89,69.69738686289071
90,71.16317309892904
91,69.47715902326894
92,70.41873372806822
93,79.5326860595138
94,73.72255029260762
95,75.03949931396261
96,54.280951816987745
97,22.064864657372127
98,64.02522251585691
99,60.29393641720642
100,57.346657553276806
101,65.73467443790562
102,67.85563211790779
103,79.37141068197423
104,77.10837974492816
105,80.20438355257807
106,74.15784739682098
107,74.80398355261508
108,63.07005351113222
109,73.05750206157668
110,72.59110049564103
111,72.30038907148275
112,71.73164224826536
113,58.635703081880756
114,65.48776760643901
115,64.53477947257124
116,65.48776760643901
117,72.773895231582
118,62.195190628302036
119,61.04817375975073
120,70.22812952646626
121,70.13517219769767
122,70.00586160192734
123,62.33952211564087
124,59.058678085958185
125,69.02666396950926
126,64.2905045412989
127,69.74285599069134
128,97.33806313393004
129,26.22275995430438
130,66.48655052992751
131,72.63762050284203
132,75.77777566532066
133,85.25923233181041
134,79.43576830800927
135,66.43008260937023
136,79.25006282124201
137,40.74071124026235
138,66.38048713112244
139,63.028664187280874
140,69.28700825525809
141,69.60427010179302
142,19.399481637913986
143,20.160627908361832
144,69.15470127390512
145,66.60183653986772
146,62.70665986397133
147,62.31632331096383
148,75.15427237196815
149,58.22991070083561
150,82.65486477323299
151,77.55979925847805
152,76.3302988418273
153,73.58912546944427
154,73.49283681601202
155,69.02666396950926
156,64.16314429507037
157,62.67679659120585
158,59.85002755028602
159,64.22388778159794
160,65.10912612266588
161,72.63762050284203
162,70.96732380637414
163,43.03847982463366
164,41.98309752888734
165,52.834767767562816
166,47.773197499369765
167,64.54770399826018
168,65.36578998556831
169,66.48655052992751
170,43.91818890396679
171,55.39028056955656
172,42.242926259426866
173,27.121954339903937
174,28.6809255720892
175,24.20599478200689
176,34.06711757041486
177,36.40535951144902
178,69.38598644368653
179,25.771983110854173
180,80.03027621058328
181,27.4533966874846
182,19.151962893380762
183,22.301381078059173
184,60.788485429516236
185,60.912139702363326
186,63.17988774370185
187,63.67336118858125
188,65.97047603836415
189,65.5156685076557
190,65.51747515639005
191,25.21595135327494
192,64.78235772468429
193,69.02666396950926
194,101.92871935265407
195,83.98762501899469
196,96.56988413431222
197,96.63768826560175
198,69.64394208626899
199,69.59112395410506
200,63.95083783755306
201,74.47545425640538
202,78.93076150883095
203,73.95989571140547
204,62.07843127823369
205,79.93758594192244
206,58.262948515475195
207,66.48655052992751
208,70.00586160192734
209,79.5326860595138
210,71.43669957017605
211,66.51960289159896
212,65.49217828750602
213,69.14288698869817
214,65.70773169173219
215,62.121029196598734
216,67.15251094949758
217,58.32173715943325
218,66.48655052992751
219,23.478614169407983
220,69.38598644368653
221,25.771983110854173
222,23.708545751880663
223,66.67483345886049
224,66.680585996573
225,54.968358457179214
226,69.02666396950926
227,66.57801583095323
228,95.08062981603535
229,59.93841075403903
230,23.622231004125084
231,62.59383117581276
232,63.34579619676821
233,65.05455185572802
234,65.80740658717704
235,65.92820858712574
236,48.35628430647397
237,49.219571923968545
238,50.864431470574154
239,54.53944342530442
240,58.98198849292158
241,63.13233501878175
242,62.9038894455448
243,63.411369843675025
244,65.57542865951086
245,78.55937562211156
246,79.70291613193783
247,78.9322785796347
248,62.968753148263396
249,63.19985661660771
250,66.7114487533461
251,66.80657573778609
252,70.30743796709723
253,71.16317309892904
254,64.024463763178
255,76.57453927802706
256,76.57453927802706
257,58.758934118480845
258,64.98902766349104
259,22.92331490275982
260,79.32593381598824
261,77.45135247657123
262,60.74974014775537
263,61.01288286473146
264,57.377652374290086
265,53.232376807702884
266,69.47715902326894
267,79.81545221252213
268,53.524589719214084
269,80.03969408974561
270,64.2905045412989
271,70.38693784024815
272,96.56988413431222
273,84.04826929820382
274,84.0961572690075
275,84.14445154420685
276,84.2141551215424
277,84.68075454651614
278,32.71881350159961
279,42.092833335278314
280,-14.092023547507711
281,-14.117724213044946
282,22.92331490275982
283,-14.1885236999215
284,60.6498723349548
285,64.2905045412989
286,69.1045992163449
287,22.923239743932406
288,64.99929291811614
289,83.99403325069113
290,83.99403325069113
291,63.339693586210466
292,71.16317309892904
293,28.459258090779784
294,23.248319765936508
295,96.56988413431222
296,66.71961469836836
297,31.196486003676448
298,50.18266395737583
299,30.78402486609461
300,25.771983110854173
301,23.708545751880663
302,71.3788606429149
303,79.63740209129142
304,79.18113346700997
305,62.746365184927974
306,64.59175690486728
307,65.22855090158473
308,67.9794171610911
309,64.59175690486728
310,66.51717631466758
311,55.83902811108775
312,17.206479479696398
313,8.441829131916599
314,75.63421538279587
315,72.63762050284203
316,31.317565187430958
317,60.49984911867961
318,59.80366550673079
319,57.711413403319845
320,72.63762050284203
321,58.30570013197035
322,64.51758433180095
323,60.90404724792038
324,64.78235772468429
325,64.62836000677316
326,62.30150135099408
327,26.343273864115474
328,27.92926075201992
329,22.064864657372127
330,80.03969408974561
331,29.384854749900036
332,23.708545751880663
333,21.052224595799622
334,21.117251749173306
335,19.56884728816732
336,19.778067190850905
337,19.926195469439875
338,20.175449559470714
339,20.052177946833275
340,21.800974557995474
341,18.551012832754097
342,18.718959283255323
343,23.72528226558989
344,66.51717631466758
345,61.724044650320074
346,75.80881721941407
347,62.614529778445124
348,83.05687756692242
349,66.95970458766078
350,66.87334036073437
351,66.66305653734088
352,69.60427010179302
353,69.37348524330159
354,80.03969408974561
355,65.65196234631435
356,62.018319420946504
357,63.29718925558361
358,45.426773251149925
359,57.2534879590738
360,58.30825028241758
361,69.02666396950926
362,75.7615526909153
363,73.93496451004796
364,73.27127288717912
365,38.558071138981276
366,34.394038394506055
367,37.95166239915101
368,59.149812907457296
369,55.123767751992354
370,69.02666396950926
371,39.646848394571265
372,41.81363646191611
373,59.18009774045175
374,34.79040810182722
375,33.40949237419234
376,32.97346981681555
377,32.95793705785928
378,59.75316464822678
379,55.08982740234057
380,64.3501769085982
381,65.18545024612473
382,52.88024379937428
383,58.83854025112556
384,68.25854085407914
385,71.27067453117678
386,21.213174645186484
387,22.28889552355463
388,22.350567071047017
389,20.870521845106765
390,64.024463763178
391,22.29934900499771
392,23.823139883706006
393,75.10540050868775
394,27.121954339903937
395,66.48655052992751
396,83.60358842800878
397,79.21426415375319
398,45.00083342099755
399,68.94893229510711
400,65.5202518723323
401,65.0587057291338
402,62.53148926134836
403,47.81478469653538
404,23.30386929579673
405,69.5130572640727
406,84.68518511894447
407,22.24853613639545
408,14.496058896884342
409,83.9892693657566
410,34.16222821696612
411,74.26094823357815
412,72.82436854799394
413,75.39104887171717
414,69.11936389126183
415,63.77468631046849
416,64.78235772468429
417,55.57782486995851
418,57.490600682756444
419,60.674488999720715
420,56.90231387545665
421,82.23250320749491
422,82.2612682523924
423,78.48999275944666
424,67.07957373685798
425,67.5054552359152
426,72.63762050284203
427,43.32211978478963
428,47.0599943746385
429,79.66127024229957
430,58.126874077470184
431,64.024463763178
432,64.024463763178
433,63.94219215887363
434,63.997666330968066
435,21.363018509610377
436,60.658828709912676
437,32.93203474698766
438,65.85510167370887
439,67.19434879285322
440,68.39076021259226
441,69.52925825258833
442,74.3880272468682
443,64.75473982514163
444,58.26067220818698
445,56.889430917000915
446,57.6922974422285
447,66.48655052992751
448,70.28286186704145
449,73.22901163990463
450,69.35958300614573
451,68.84500263481814
452,70.80569422779516
453,62.630160517953094
454,21.5535255615913
455,21.90496628401131
456,70.98200845231077
457,72.36504903998247
458,34.08959422013027
459,64.54026569701992
460,57.176117204245934
461,83.27673068844487
462,81.74978105306084
463,79.90024096458421
464,79.35492416274971
465,56.313779865140255
466,54.63769935551603
467,62.34914721027844
468,58.79328984500483
469,33.49433471708458
470,56.328857127974395
471,59.76124325038716
472,57.88182498012309
473,55.68851857415384
474,55.513908341559564
475,54.45118525139244
476,43.592742262591486
477,42.660075576281315
478,46.00240944862204
479,45.88053322338726
480,63.398130135890206
481,60.48735858928084
482,66.24996179638532
483,21.03588394756752
484,59.89307825947977
485,64.40538062582254
486,50.17283953276036
487,26.58679720680005
488,28.68206811126337
489,27.68428092082179
490,113.18560952501724
491,112.94288764306933
492,112.90431617720446
493,119.97623953592517
494,32.93203474698766
495,32.93203474698766
496,66.48655052992751
497,24.633312431018545
498,72.97009776011282
499,74.79730941179255
500,52.40908034388702
501,33.249848218459505
502,59.84420696045401
503,23.12738462063647
504,54.193311149434486
505,79.8218137652052
506,69.21679868516463
507,69.51998036257424
508,73.21270802807794
509,69.43195071478243
510,66.30394458435975
511,78.60742016007512
512,59.71444426688286
513,61.62556930502013
514,23.12738462063647
515,25.771983110854173
516,73.49283681601202
517,22.24853613639545
518,57.372505910649984
519,51.97161260176143
520,32.52411578073104
521,67.98400000220127
522,22.064864657372127
523,69.02666396950926
524,66.16691394364582
525,63.17217096310237
526,63.19956602557375
527,87.11668550935843
528,86.22124806832556
529,22.064864657372127
530,17.08572682593896
531,17.24119790679845
532,58.204911660632796
533,75.23964289311775
534,73.38901438967423
535,20.609205866680036
536,20.926312575337505
537,83.41924611839482
538,83.60573496342735
539,22.92331490275982
540,69.02666396950926
541,76.62086203170765
542,66.48655052992751
543,85.88523441121202
544,69.02666396950926
545,72.63762050284203
546,77.88194622081764
547,67.15047434107623
548,52.02457465240871
549,53.10549922030456
550,55.46895999182987
551,75.79174931117299
552,69.8719249852677
553,63.637913686193365
554,65.64651793544101
555,67.76190851770957
556,68.08808124748509
557,44.02584845148759
558,41.24377705025285
559,77.3666772198865
560,75.53893535836659
561,76.42368150969435
562,42.30660677503493
563,51.79820012404878
564,49.941320314802134
565,68.99398617207558
566,69.55227711771187
567,60.046932235384126
568,59.61101419197332
569,26.18867368585999
570,22.338955628493686
571,63.0797971711277
572,66.5380290662896
573,60.37427129501946
574,80.1968714894002
575,86.97931950344523
576,66.6325594998809
577,67.6474693781204
578,67.54044868827128
579,35.594634881777296
580,27.868233540267802
581,61.536042167959245
582,49.87087666698253
583,80.61449816255211
584,46.231806507487434
585,95.51532056649185
586,66.3912305177418
587,54.8396980595892
588,74.70519212583537
589,77.64221710474965
590,77.64221710474965
591,69.77874358504741
592,64.56441864097732
593,59.25683956707419
594,72.73457128231806
595,67.54189680736556
596,63.22029620854031
597,66.09067821256835
598,65.47727103197369
599,23.38283291258709
600,23.248319765936508
601,23.31334733201455
602,20.043597597892017
603,26.61577796374639
604,66.42078892295922
605,66.41439779920086
606,25.228588560434567
607,71.5853004002442
608,20.454738365684136
609,23.30386929579673
610,10.918468501786649
611,66.66445947713248
612,64.04011900324804
613,65.48778041531153
614,45.990950077529014
615,54.08744648802372
616,43.97279009049481
617,41.45794782979263
618,55.391027156332164
619,28.6809255720892
620,26.137087565796676
621,69.47454016305758
622,33.13735240041035
623,29.16605017251971
624,28.677768737409806
625,30.832617115188214
626,29.71439690250913
627,31.481049598272016
628,66.87518976828812
629,19.483072342324725
630,22.52729530980357
631,22.064864657372127
632,19.75537597422276
633,20.63247172382526
634,16.517155772011872
635,18.769271787956164
636,19.650237967365783
637,89.66382560964715
638,28.209867239765984
639,46.37488002360524
640,47.56070387628842
641,92.63252768481712
642,65.87165328676929
643,68.33216013968297
644,66.59431038446832
645,66.79767082993237
646,65.36578998556831
647,63.583097424808535
648,37.70974444220382
649,37.70974444220382
650,46.283298180837626
651,62.483964706182256
652,44.53965892563786
653,27.532303712155326
654,27.325194664885274
655,27.121954339903937
656,53.88766713317664
657,39.5003323531278
658,66.26612708131194
659,71.21357196544358
660,26.22275995430438
661,22.92331490275982
662,66.12584030554791
663,45.948313078352946
664,65.23976139670373
665,83.9892693657566
666,52.58968501842373
667,70.06979493930518
668,70.01769146555475
669,88.5591624977643
670,54.242530439586524
671,53.596174939581125
672,60.837400409944614
673,59.23791842944954
674,58.76005559528951
675,57.44865844210151
676,65.13012320665084
677,64.22998441830302
678,62.34713569516094
679,64.51758433180095
680,63.22029620854031
681,81.28065054797781
682,69.31809036755544
683,67.04666606415776
684,98.37736738712715
685,67.4350173001813
686,64.05795096900275
687,69.37290461878544
688,64.36680969919445
689,57.443973187019516
690,94.49275436027202
691,23.708545751880663
692,71.22095874333763
693,76.36170237426157
694,69.17130057224702
695,65.57863863632022
696,66.83593583483588
697,69.26316267842523
698,68.36500344223043
699,65.87466304288625
700,65.84431627131113
701,77.24694446519689
702,61.23891239073496
703,60.480988161969925
704,29.67670166317199
705,75.67810628659169
706,53.23138089145956
707,53.155898692192714
708,27.28202965933091
709,107.02267175338986
710,103.47606568925693
711,95.78454242994204
712,69.42624317332667
713,70.00586160192734
714,64.71605536695176
715,63.964010483658804
716,77.74864019415693
717,82.62575686521686
718,92.75233467614527
719,92.75233467614527
720,70.9252216398888
721,46.37735338983741
722,53.402490671358784
723,55.786355527951976
724,63.78816795349835
725,62.276036253259726
726,77.65187509152597
727,92.75233467614527
728,95.9779866174755
729,92.02022203377956
730,102.9433089632411
731,102.65578477945704
732,69.02666396950926
733,96.76332856301343
734,89.06862980587195
735,74.23134921666568
736,77.64392720366018
737,63.25569353398543
738,69.29474345843173
739,69.9945546735438
740,67.89729009121183
741,67.17373320383712
742,54.79299220563099
743,79.09131472857686
744,74.3676239042081
745,114.08364681139642
746,80.26524279009394
747,74.17814554723026
748,64.84391147327611
749,35.11436174927121
750,66.48655052992751
751,48.1105055260719
752,20.518980627660646
753,22.045908578718524
754,22.90833029394819
755,68.54636072504107
756,65.22855090158473
757,66.33088665081104
758,69.32927498805864
759,42.10195542101246
760,72.17330232337036
761,86.35595608903253
762,60.14332889252126
763,52.40586423008963
764,67.04336709820694
765,10.17198943764248
766,24.665725224699848
767,68.36150098028511
768,29.352312817019644
769,33.03849936471454
770,73.3720173227913
771,65.72865408492044
772,34.85053263392364
773,69.67081671933937
774,67.32163381353095
775,66.48655052992751
776,65.10289639947146
777,65.48776760643901
778,69.08434150806653
779,69.26262911970224
780,59.15433767289529
781,58.10999178260051
782,61.118213896631794
783,60.88994277947108
784,81.1012810756539
785,81.56168502472494
786,72.94552481116634
787,77.69100320186064
788,70.1181859240528
789,74.02139690456806
790,68.0946709350053
791,66.82290174041938
792,13.014226292480608
793,63.1277828438538
794,57.270712329130085
795,55.39381918596762
796,48.35628430647397
797,66.43970145613122
798,72.63762050284203
799,67.38348831935778
800,76.75861307690727
801,101.25961333240065
802,98.37598210087862
803,56.1491623610386
804,58.48217494576303
805,72.69485452088117
806,70.28286186704145
807,68.84500263481814
808,44.94540025597842
809,115.46396642761678
810,46.799659796565166
811,88.49616857015664
812,96.56988413431222
813,94.14518432246686
814,100.87426740449104
815,71.21981020205385
816,69.86377507540416
817,69.59112395410506
818,68.39175796780529
819,68.25415897826875
820,69.21430387461655
821,69.28700825525809
822,69.5130572640727
823,80.03969408974561
824,80.1417667032081
825,80.03969408974561
826,66.98960892117347
827,64.90346600928802
828,66.51717631466758
829,68.67219438122225
830,66.10514028684813
831,14.270674006414502
832,69.46177693301019
833,69.34859384498341
834,25.21595135327494
835,72.5090599331705
836,69.36988807821677
837,63.959470781892556
838,61.25200472756958
839,57.223439330600705
840,53.948662570493916
841,53.948662570493916
842,75.24830458181665
843,62.76106040575964
844,68.82716183451836
845,68.94710427660291
846,69.4635760903036
847,71.41437523860844
848,62.12479858336315
849,60.34378468590793
850,56.71700261899817
851,80.37305928707067
852,63.259680996146635
853,67.82889299706423
854,65.47620442723047
855,60.326763389606135
856,65.60833257446427
857,65.9683136699552
858,66.30060214267706
859,66.58825892980238
860,61.46209761325874
861,77.67782167596377
862,65.57925907988192
863,58.838780557255824
864,55.13011861415854
865,60.6083825251034
866,53.64527830461562
867,55.444302364547305
868,64.6595385536022
869,79.08131909119027
870,65.22855090158473
871,78.85436114423933
872,66.87401970484296
873,72.45759040438301
874,67.25736876347614
875,70.51819573768162
876,112.40243289933912
877,58.243284170801964
878,68.81536036522152
879,71.0786937105645
880,63.25612547336103
881,61.06727259034063
882,69.10838388903633
883,70.25508832310103
884,60.93747601043356
885,69.04963158133711
886,60.920700323593415
887,59.85988084021891
888,58.2197934703075
889,61.86105749716237
890,59.39743679489255
891,55.30553478961145
892,54.10833140412746
893,55.42711094061875
894,91.45180471148109
895,85.98822675986182
896,69.25049382572013
897,69.59112395410506
898,64.50029614094231
899,62.98077328831905
900,53.88049489662719
901,76.12447579698494
902,76.22634694941871
903,68.7995311282483
904,67.32252022973893
905,66.80831317456713
906,66.92512220807302
907,67.46983642551268
908,65.52106250839952
909,54.78208762701454
910,69.73486323220678
911,61.965187712127225
912,60.16516216631859
913,58.495443828435945
914,58.79095863552478
915,90.23421136654653
916,89.4138579558821
917,90.3560292649201
918,32.411944375638505
919,68.59812863863064
920,77.78385676540404
921,70.90793624854919
922,30.43336284116109
923,60.20418698262207
924,116.54133795019612
925,36.781843658044984
926,66.4159190338764
927,66.79198614788615
928,66.69017772370611
929,66.14497928457189
930,65.52967012215422
931,66.69017772370611
932,66.69017772370611
933,49.022404600935296
934,69.4237132420293
935,69.37348524330159
936,81.03874248112325
937,75.74761081117617
938,80.62194896756569
939,77.91264218175291
940,72.63762050284203
941,73.09509928195226
942,74.23402282153342
943,80.03969408974561
944,56.897305725006554
945,58.03241811049127
946,86.95504266267122
947,69.10845183199021
948,71.59964594254046
949,72.12505799185502
950,72.62457551899115
951,73.63476224046045
952,47.74959392123015
953,47.68976263042163
954,55.67518535800425
955,57.508495588832936
956,57.61624376689917
957,61.177318632566504
958,65.70049243190462
959,36.944050674205364
960,34.949124410664695
961,35.394152479860956
962,69.07273694016268
963,64.35173039053666
964,59.67199910834788
965,60.19012426015815
966,98.37736738712715
967,107.02267175338986
968,26.20842584754658
969,22.78951434753788
970,30.149273487992645
971,29.45471518481
972,34.203237574597715
973,33.067964250993505
974,38.5766730040372
975,33.913170898301
976,80.76208096561544
977,71.19278231683066
978,62.19035432910005
979,61.082873265697295
980,69.4635374830961
981,73.01405504748303
982,69.4295774016999
983,64.86919698878327
984,65.7803939994673
985,66.52996422967732
986,45.63896790237377
987,69.43195071478243
988,66.00378191905574
989,59.88394537080941
990,63.4369212083077
991,64.1946043668751
992,62.36018375537791
993,66.48655052992751
994,69.76644834487297
995,69.28700825525809
996,64.15813288737331
997,68.72144974560834
998,57.45320834765385
999,84.71113191373101
1000,84.71113191373101
1001,71.16317309892904
1002,39.55470577582548
1003,28.047417779735824
1004,28.594349192275324
1005,69.37115694849373
1006,69.4111003434208
1007,66.4184721436587
1008,58.98564753364551
1009,53.34652664201159
1010,59.75316464822678
1011,88.92068928289328
1012,23.767039174826394
1013,25.20689693551879
1014,73.52770426738513
1015,77.94073442070425
1016,77.68097584475794
1017,72.8538034286131
1018,67.24815377039386
1019,73.80936376609026
1020,85.25923233181041
1021,72.4266387967393
1022,71.98515485028608
1023,56.74699560602506
1024,70.64244652732663
1025,36.950629638977894
1026,36.63955622104911
1027,36.63955622104911
1028,34.371700426559386
1029,32.095394809995376
1030,74.39425299501337
1031,71.62977009277958
1032,72.32528710347441
1033,77.0316683529291
1034,58.261322455671284
1035,57.500676902049655
1036,28.226429682014036
1037,71.49339457925646
1038,61.71905176272748
1039,61.62301045459669
1040,60.668502100147116
1041,60.49155590503762
1042,206.31338128067839
1043,80.03969408974561
1044,71.55019958816351
1045,64.68674061047477
1046,53.926137285915765
1047,68.03843161534863
1048,110.59731232114868
1049,110.59731232114868
1050,21.237201665475425
1051,44.13735868731478
1052,45.14369959288663
1053,45.14409068869374
1054,42.14406433415392
1055,46.61843266111973
1056,44.566584255418334
1057,45.59139372800353
1058,45.5885706970989
1059,72.06816519560593
1060,73.00384849997135
1061,77.8820164330121
1062,79.85694291797049
1063,76.98829748625707
1064,81.34763014020021
1065,81.4868038693065
1066,53.19770099356503
1067,53.19770099356503
1068,35.91059763020424
1069,37.12068600574
1070,78.2869397642057
1071,41.93178202408938
1072,62.532829860149995
1073,68.88117760295705
1074,47.91523275063907
1075,58.70496257914731
1076,60.058706348457825
1077,107.28351133030861
1078,69.27266232489015
1079,98.53288918724138
1080,71.8089363432814
1081,74.50184816726076
1082,69.26871031690143
1083,45.31474876517412
1084,36.363973398373155
1085,34.954188348688106
1086,76.3592144226736
1087,68.58656796627582
1088,77.76039321466808
1089,77.91264218175291
1090,71.62977009277958
1091,72.00896806437711
1092,72.00896806437711
1093,78.00992920453729
1094,66.45762965583958
1095,66.45762965583958
1096,23.622231004125084
1097,16.923922460268333
1098,60.90404724792038
1099,62.640723630278124
1100,68.21344044876321
1101,68.79186135101511
1102,24.67702529498697
1103,57.832323885354064
1104,61.16904016892921
1105,56.59521432123008
1106,24.84905123447998
1107,25.340442834985843
1108,64.09300734475457
1109,71.37741872082782
1110,54.87739923501807
1111,56.77269665958706
1112,58.82609344647519
1113,23.622231004125084
1114,66.40641861506091
1115,66.4056820994017
1116,69.5130572640727
1117,68.86934079441579
1118,23.57364482579242
1119,20.67649815592948
1120,20.543550308030618
1121,63.987991477480314
1122,80.03969408974561
1123,61.869291311253626
1124,25.49593901318603
1125,97.04604957651807
1126,97.04604957651807
1127,107.02267175338986
1128,97.33806313393004
1129,92.90702113493941
1130,65.15096688406766
1131,61.94465990480335
1132,61.519594624262744
1133,76.60896881244332
1134,71.8314735652836
1135,74.29529435466421
1136,96.28854269679175
1137,67.87630622496542
1138,69.76508421437765
1139,27.887847214834217
1140,65.85444601212708
1141,74.81598788684497
1142,73.72976543522444
1143,71.91818742455794
1144,93.87507732513245
1145,77.75960849071183
1146,66.11126789435872
1147,91.52511429930928
1148,48.90166005376599
1149,69.14571999856406
1150,67.39645329010716
1151,69.8804557824023
1152,70.91100403374048
1153,72.80164964446007
1154,75.15120224771829
1155,82.21218833999066
1156,82.81726766310047
1157,78.48709025173156
1158,77.35744832725317
1159,75.27453704832766
1160,75.22532731062611
1161,66.19586151978496
1162,67.10139103962163
1163,67.5597215809398
1164,69.2383945847497
1165,65.83493499549422
1166,67.71206553470387
1167,68.16298279255011
1168,65.93139809274666
1169,79.35335100306165
1170,79.35335100306165
1171,66.48655052992751
1172,69.63136363503943
1173,59.012296925072484
1174,69.88848645917551
1175,69.81996339927011
1176,69.806183071442
1177,69.61745510420249
1178,59.52148696245097
1179,58.48270987901355
1180,71.28639016676127
1181,75.6623855376377
1182,66.48655052992751
1183,64.02992470522048
1184,60.77094043033808
1185,113.38414545958415
1186,50.12988827299788
1187,49.92332100863826
1188,49.716945197632704
1189,74.9113168605106
1190,66.45762965583958
1191,104.46002386389887
1192,104.46002386389887
1193,75.66479573243143
1194,69.08434150806653
1195,98.37736738712715
1196,77.33631197001424
1197,66.40299347447436
1198,65.93040347443761
1199,68.38194349680603
1200,71.88299336815322
1201,66.89342106421972
1202,65.17683197234561
1203,63.564722595594525
1204,60.217551719113324
1205,68.77082113876239
1206,62.01925180606306
1207,23.7094274039572
1208,23.69914294485953
1209,25.381969401278575
1210,16.519293194708638
1211,19.809177793957495
1212,33.29908278075525
1213,33.38736569106536
1214,61.01530724201667
1215,65.84964805088359
1216,65.22134602658934
1217,65.17611293656216
1218,63.15198190653694
1219,70.51080732362976
1220,22.51810221974325
1221,22.698080622812782
1222,26.383683676701615
1223,25.787396038291867
1224,23.802562774448177
1225,63.05387849028045
1226,20.37746643340293
1227,59.17128668942639
1228,69.37348524330159
1229,69.31153277076163
1230,58.31954417110156
1231,61.06228634404777
1232,56.39257351248957
1233,54.77422482678298
1234,54.70444166970176
1235,54.63769935551603
1236,71.99673731965379
1237,23.823139883706006
1238,25.14269828867863
1239,19.98886222821954
1240,22.660916339540087
1241,20.855919061773747
1242,76.1027898183263
1243,76.08303124922904
1244,71.47743727136512
1245,66.5100557449237
1246,69.02666396950926
1247,27.398673462763142
1248,26.758554853270297
1249,36.89256826608801
1250,63.008838617606195
1251,62.19741101901413
1252,71.80060492636278
1253,22.950554658625997
1254,69.77874358504741
1255,69.64394208626899
1256,23.708545751880663
1257,19.591236887713627
1258,60.09611780249346
1259,72.57238676926175
1260,73.53138582912317
1261,74.47545425640538
1262,69.64394208626899
1263,58.947142483133256
1264,26.19813180399897
1265,68.79977874539557
1266,68.87855299692387
1267,14.753654139328521
1268,20.77523974862425
1269,43.75268488648159
1270,49.80307769457402
1271,35.57100540428954
1272,36.94202086178456
1273,28.6809255720892
1274,32.721634314890196
1275,68.60956642374833
1276,68.17954467243575
1277,71.83605101797244
1278,68.77082113876239
1279,70.62857281301092
1280,64.024463763178
1281,59.75316464822678
1282,62.00052317457233
1283,94.93002128586866
1284,53.88766713317664
1285,80.04809123106219
1286,76.36640735372302
1287,78.48999275944666
1288,63.079758324840036
1289,83.09461430255163
1290,65.30362706175623
1291,27.11370180879723
1292,64.52200718196613
1293,76.11993368791215
1294,71.16317309892904
1295,66.4822181427474
1296,71.16317309892904
1297,-14.470105357024908
1298,62.4585175441268
1299,66.55502594395657
1300,68.09725517978038
1301,72.02911167137347
1302,74.39827674857571
1303,69.07698786469791
1304,77.83082909367502
1305,56.20891926788557
1306,55.422789335496894
1307,64.23148527150474
1308,59.07777337376631
1309,58.01276346400497
1310,57.09151015521798
1311,62.75041398502348
1312,59.42576057066591
1313,59.019950209855416
1314,59.964754341884266
1315,59.71736807068796
1316,61.358798084297625
1317,27.30822357416306
1318,79.39508844153758
1319,69.2031219415905
1320,68.59713304498788
1321,44.00000457806542
1322,72.63762050284203
1323,58.00950407419729
1324,21.61287511556437
1325,24.090683537714042
1326,66.23733235949328
1327,22.638302952163983
1328,59.40992702611312
1329,65.71032275343325
1330,66.5517909904639
1331,65.95843690590112
1332,65.30527458962277
1333,60.9698814277533
1334,62.909369335667016
1335,73.02409915982102
1336,72.03244691201039
1337,63.352054566605155
1338,69.02666396950926
1339,69.02666396950926
1340,69.02666396950926
1341,69.02666396950926
1342,45.93960997635495
1343,56.7823019859723
1344,22.648192764709528
1345,71.23039820569
1346,64.19985117759265
1347,54.26279962690028
1348,69.0661107720926
1349,67.81882518415179
1350,58.54093895565084
1351,70.15558300610215
1352,64.18837476594697
1353,69.2383945847497
1354,64.296587441349
1355,65.73148820155137
1356,60.99280505442395
1357,78.19210935508994
1358,83.92697025804958
1359,69.54131082881676
1360,26.196881927630955
1361,26.187042686248958
1362,98.37736738712715
1363,69.08434150806653
1364,55.56185090377328
1365,27.121954339903937
1366,22.92331490275982
1367,15.402586053743882
1368,12.92641091316828
1369,62.75274661312448
1370,69.28700825525809
1371,69.16655084346439
1372,53.99731184064043
1373,66.85409679165988
1374,59.500692645651746
1375,62.2594846135862
1376,56.246921454102555
1377,58.98198849292158
1378,77.67782167596377
1379,28.459213313321357
1380,71.46077439927484
1381,108.20877265405727
1382,66.48655052992751
1383,75.99935423117273
1384,56.904132896061604
1385,56.57089779156998
1386,56.7393128143943
1387,69.02666396950926
1388,66.26087292208567
1389,69.02666396950926
1390,69.59112395410506
1391,71.57121559837194
1392,68.20649167877477
1393,59.593993991846965
1394,70.42280631275179
1395,59.976174698664984
1396,63.40721557428514
1397,63.612890393561635
1398,63.756377348633315
1399,39.24588757888235
1400,69.09598079320696
1401,58.145143280504506
1402,65.10741597798409
1403,65.52106250839952
1404,26.202706395141945
1405,71.16317309892904
1406,58.9689464558844
1407,60.40550718586402
1408,57.58079172710746
1409,65.02317626490668
1410,65.5156685076557
1411,22.625969243624077
1412,32.56202831077505
1413,24.351705677779144
1414,45.318475025762986
1415,69.04963158133711
1416,73.18073421443648
1417,69.1045992163449
1418,69.63136363503943
1419,106.31614577697405
1420,59.84420696045401
1421,58.204911660632796
1422,60.90404724792038
1423,63.368016207977696
1424,63.11326391773917
1425,69.07853489032362
1426,69.13581531450365
1427,69.38348323613994
1428,69.62274000760155
1429,72.73457128231806
1430,65.54325723065116
1431,63.784756729268146
1432,66.08285555307887
1433,66.59129771438771
1434,77.73687294852033
1435,22.234885947647484
1436,59.92994947464407
1437,71.9993951582806
1438,66.04464082653709
1439,64.71520562764005
1440,63.75279466496408
1441,63.88289402129933
1442,62.863195435099065
1443,62.00501015848376
1444,62.31632331096383
1445,60.30945093674956
1446,57.89314759442947
1447,-1.544150386549683
1448,5.654621606390343
1449,4.871108242051633
1450,20.46890232081983
1451,20.716488659269316
1452,22.454838051780385
1453,18.583410732599354
1454,18.583410732599354
1455,69.09598079320696
1456,61.71701554985824
1457,69.84764575596986
1458,70.35924265231466
1459,69.61745510420249
1460,25.204662421516325
1461,23.62021827763644
1462,25.23920373229481
1463,87.1231248941651
1464,72.16324196412583
1465,73.63613578261513
1466,101.95410221554152
1467,101.56417600824054
1468,77.64221710474965
1469,67.32485008031551
1470,61.663505725409
1471,69.37121863940402
1472,71.12519711028756
1473,38.95667424987681
1474,43.66358356530257
1475,35.379653114819774
1476,27.605369318531288
1477,23.414235604798478
1478,16.571290907253285
1479,34.731391538624045
1480,33.80152963350824
1481,40.4889342303689
1482,73.62572900490571
1483,66.4222465686153
1484,63.58470262008179
1485,64.5637468962976
1486,64.84611194987369
1487,62.863195435099065
1488,63.954604294950705
1489,64.93661779580219
1490,65.64339483812918
1491,59.349361344718794
1492,59.70301997385288
1493,60.03192032637457
1494,60.342181541106804
1495,55.23889807063136
1496,56.25167227703613
1497,60.74016045781152
1498,59.40044376861385
1499,69.79865131392873
1500,67.58711321205345
1501,67.79059472868181
1502,67.79591992712093
1503,56.00918808076084
1504,55.401639461398524
1505,64.96976315313037
1506,66.32482118456937
1507,71.22634640338038
1508,35.366275091905436
1509,60.706033815171644
1510,60.6498723349548
1511,110.59731232114868
1512,25.507419303163488
1513,37.011683254660554
1514,64.024463763178
1515,55.24251959797538
1516,56.076652170272716
1517,65.16087461294714
1518,66.0757661160441
1519,64.89619534892338
1520,63.40827613628665
1521,57.918931617670616
1522,58.21661955697744
1523,68.00935622334922
1524,66.58192264710198
1525,66.53489343583769
1526,66.80305908639158
1527,63.739671601556246
1528,62.98806378760978
1529,68.7894244798974
1530,70.21829372570616
1531,18.803011401711487
1532,18.80596129399673
1533,18.812155745288962
1534,18.30670892860558
1535,19.0914141748597
1536,19.834717490385103
1537,65.35001655098742
1538,60.67044696216207
1539,57.92662482251635
1540,27.11370180879723
1541,77.78385676540404
1542,21.713617525597463
1543,22.714725937134972
1544,24.262636392453985
1545,23.555748051465294
1546,98.29913806107581
1547,98.26384740383142
1548,98.20045803173156
1549,98.19477838437598
1550,106.84906916291268
1551,106.85916643366716
1552,106.71909049347806
1553,77.65187509152597
1554,77.63999791348172
1555,78.46085671934327
1556,78.37770698153531
1557,78.86947945466414
1558,79.35335100306165
1559,74.02669484679754
1560,69.11936389126183
1561,61.02625013137506
1562,58.672461339395234
1563,58.463698460278884
1564,54.28718903453798
1565,55.542249051634805
1566,55.52253516888157
1567,58.28365201058917
1568,64.024463763178
1569,112.16405132072964
1570,53.88766713317664
1571,20.619855318734174
1572,22.064864657372127
1573,22.92331490275982
1574,57.62430471889015
1575,52.8374303910871
1576,54.817442417764646
1577,55.076269915807835
1578,53.39868250181667
1579,54.082696372306295
1580,54.741641331765685
1581,54.99808446975981
1582,54.907570022895975
1583,69.02666396950926
1584,69.02666396950926
1585,26.61577796374639
1586,18.366829876192156
1587,21.574782775364305
1588,64.024463763178
1589,78.3747899874821
1590,78.51856179309635
1591,18.551012832754097
1592,60.56130578946391
1593,72.53416538427993
1594,69.10765488954365
1595,69.13110789276857
1596,65.16488929233799
1597,61.601838600976244
1598,71.52269434567134
1599,23.708545751880663
1600,23.708545751880663
1601,32.171417850402044
1602,21.461244983690854
1603,21.738589664182285
1604,63.739671601556246
1605,72.21666131687587
1606,67.32424618973872
1607,63.36096387223301
1608,77.71329559316828
1609,77.86553773622501
1610,76.49054445833025
1611,76.5504082226378
1612,76.55178156400555
1613,76.38298866996684
1614,76.54916380890478
1615,18.16735666453753
1616,23.068356885619927
1617,25.787396038291867
1618,64.46905374805823
1619,57.75540930630961
1620,59.8982572809124
1621,62.11304598741838
1622,20.46890232081983
1623,18.36536557765009
1624,73.90678574712615
1625,68.6868485632904
1626,66.4452345128513
1627,80.03969408974561
1628,90.71378532430822
1629,70.50633315735715
1630,22.44114439094649
1631,26.206491356599273
1632,64.84012427459803
1633,64.5152403657471
1634,64.4737155057843
1635,18.551012832754097
1636,18.718959283255323
1637,20.90631424910783
1638,19.33957513798373
1639,19.56884728816732
1640,20.161421392525682
1641,19.650237967365783
1642,32.18493275539448
1643,20.361985190251872
1644,22.345325678461897
1645,22.587143371854403
1646,58.872399026885624
1647,72.15190392282517
1648,51.480026621760864
1649,72.34703680913822
1650,55.301192863327394
1651,30.52621292787392
1652,50.67073902294165
1653,76.51528719756539
1654,76.51528719756539
1655,76.51528719756539
1656,63.71415817320186
1657,56.55694527870616
1658,64.573418198322
1659,63.28594328304839
1660,72.63762050284203
1661,59.74094027719169
1662,68.86215740332884
1663,80.03969408974561
1664,69.39852477721968
1665,60.823688590464606
1666,67.4105975086195
1667,73.76904498926135
1668,83.60358842800878
1669,90.37016395330593
1670,92.57861337211705
1671,71.14917899185076
1672,52.34366283239179
1673,82.08823363584759
1674,105.96344249208406
1675,118.2951235781834
1676,102.04093434942902
1677,78.65080990815466
1678,69.1903562170732
1679,62.16117249019248
1680,62.58456951871586
1681,66.42018549899845
1682,67.31050572898096
1683,63.98750787224798
1684,103.17107916978748
1685,101.35564332816062
1686,66.14497928457189
1687,66.64625537631372
1688,61.57455816491623
1689,47.17770758404295
1690,47.12283687902798
1691,54.52946782571109
1692,31.843147990685672
1693,97.3772532881718
1694,60.674488999720715
1695,58.79170796215511
1696,36.448676849420295
1697,27.92926075201992
1698,21.651942803825676
1699,69.76508421437765
1700,69.4363635730075
1701,64.61376684698524
1702,65.43694255976112
1703,100.41574648995967
1704,93.03590919032385
1705,107.02267175338986
1706,33.84399157167236
1707,65.17732393627136
1708,61.01009762809466
1709,63.46643535201441
1710,69.4363635730075
1711,33.31079574889979
1712,36.72024387315291
1713,25.787396038291867
1714,33.90448391790868
1715,32.997532191260945
1716,31.74694637629726
1717,23.12738462063647
1718,23.478614169407983
1719,34.1286299528989
1720,74.27874713400121
1721,74.43868743687088
1722,22.06079803267074
1723,63.32626530223862
1724,63.13544703289573
1725,69.34859384498341
1726,63.660141725864285
1727,20.160627908361832
1728,19.399481637913986
1729,22.067578041005447
1730,21.780112344417795
1731,23.392775387211316
1732,70.9856106416263
1733,62.18395494339162
1734,60.761074724922786
1735,80.95309298419119
1736,42.13370423532292
1737,69.13110789276857
1738,20.997266590730852
1739,23.569476039541925
1740,71.76341350370589
1741,72.07164518155244
1742,35.30239327203702
1743,66.40348436671692
1744,25.64331902926159
1745,26.899710288893196
1746,56.95100542392054
1747,53.10357027357309
1748,60.0097499326662
1749,61.20570078275032
1750,76.17385800022677
1751,76.14138412179443
1752,78.2951679508507
1753,20.476555067867267
1754,18.201147589414354
1755,20.173998731123476
1756,27.487182032452147
1757,18.201147589414354
1758,29.926219300220843
1759,77.64221710474965
1760,78.99062986077368
1761,73.9557571530998
1762,73.24876087037384
1763,72.78272645614084
1764,28.134140423386633
1765,58.83178026114509
1766,60.22371884773374
1767,57.490600682756444
1768,80.03969408974561
1769,82.78974551786285
1770,64.38087766873053
1771,63.906284446777796
1772,63.630720947959084
1773,63.27569567448405
1774,26.22275995430438
1775,26.22275995430438
1776,18.690609723282066
1777,34.25274578677074
1778,43.40327345498023
1779,43.8080386618379
1780,43.75759447747814
1781,64.05872003799507
1782,65.34704253970887
1783,62.149168576934024
1784,63.46231785736317
1785,36.950629638977894
1786,22.43631562943216
1787,25.01199830117273
1788,102.75352481136113
1789,26.09270929120475
1790,102.3690910389791
1791,100.16317332133843
1792,80.9752866916588
1793,94.27765496497508
1794,79.46376710850936
1795,82.90831875419292
1796,88.6977945047806
1797,67.41802592646846
1798,67.09593964430698
1799,66.08472940963404
1800,26.96486870461743
1801,28.628714570491248
1802,28.83104475999493
1803,28.924392579210576
1804,28.976137628851156
1805,39.327651279066615
1806,41.34949692678644
1807,21.466155934074457
1808,20.809725969961825
1809,62.07044750738543
1810,63.352054566605155
1811,20.74094760801612
1812,21.86001345512154
1813,21.97127289946709
1814,64.80406115921383
1815,73.69538275457461
1816,23.329884897928487
1817,25.7680832921316
1818,24.87667261536538
1819,25.561765575933357
1820,60.751889153298826
1821,57.97907904622709
1822,20.06071624659188
1823,60.396642611985705
1824,26.213225622316045
1825,25.712275561044045
1826,25.32976078688781
1827,59.49348026462798
1828,73.30618866226939
1829,73.29597057925406
1830,68.58260821715496
1831,73.88627033928711
1832,58.05455447493092
1833,34.92690223304492
1834,38.62337413899102
1835,38.6606603999511
1836,28.01755076839118
1837,27.275943855154885
1838,84.56813759070644
1839,84.3704977812015
1840,84.27052705943606
1841,84.0278693995339
1842,83.99403325069113
1843,-14.470105357024908
1844,16.247477983092512
1845,85.98127286243113
1846,53.19337866019833
1847,53.40361259269893
1848,59.75316464822678
1849,22.738823085175532
1850,20.619855318734174
1851,25.21595135327494
1852,26.61577796374639
1853,27.11370180879723
1854,69.64394208626899
1855,69.38598644368653
1856,69.32384979051145
1857,62.5744115321207
1858,61.13990354650151
1859,22.76491581982581
1860,26.32007222608363
1861,63.10971657456323
1862,63.10971657456323
1863,31.061611032013175
1864,93.67558764234707
1865,94.581316591268
1866,78.74841644527538
1867,23.708545751880663
1868,23.090685782657992
1869,22.14482971651686
1870,20.537986162084707
1871,27.930626245014807
1872,23.024493118395775
1873,22.43631562943216
1874,60.90030467235656
1875,56.90461853176722
1876,21.878606910174547
1877,59.0361219654688
1878,67.53533229600401
1879,64.70769487116502
1880,28.796148190779938
1881,79.42926585831114
1882,79.53527839045816
1883,78.97802585006235
1884,34.15959566165621
1885,68.91766655915538
1886,68.9354604297499
1887,67.40437943490528
1888,66.80305908639158
1889,40.6061835503244
1890,34.67905267294154
1891,25.92800646892566
1892,34.29619838640479
1893,35.361877616509965
1894,19.501558207746562
1895,67.94852660594017
1896,64.83335327874158
1897,23.397992644924706
1898,9.807745848946059
1899,34.67566903956249
1900,25.014432184110582
1901,87.40442334081794
1902,66.48655052992751
1903,66.48655052992751
1904,65.92927310717181
1905,62.07073219612072
1906,61.425325472861225
1907,60.78889567676861
1908,61.84848057682405
1909,27.532303712155326
1910,26.72965609795257
1911,21.37620024089329
1912,13.695021617262476
1913,66.55455660982236
1914,35.303273432620784
1915,34.67905267294154
1916,27.11370180879723
1917,39.804126298877954
1918,25.54155287327601
1919,39.150051626913886
1920,34.35067491830958
1921,33.93794093874414
1922,28.08176367729589
1923,12.1550148978931
1924,11.577566677769504
1925,27.130462059367062
1926,28.00913800909521
1927,28.53091973426646
1928,42.40476763767843
1929,60.438497992357036
1930,60.26191262494205
1931,32.402295973903946
1932,15.165048466491136
1933,12.780197558254322
1934,12.1550148978931
1935,83.0421874407441
1936,83.02878269935584
1937,81.41437110922615
1938,77.18706118289637
1939,28.6809255720892
1940,64.69579929223042
1941,27.850837917595584
1942,27.469749122604036
1943,27.081748840247037
1944,27.121954339903937
1945,25.622819179133316
1946,25.440071051464997
1947,25.716256092477842
1948,25.716256092477842
1949,25.175624655326523
1950,72.74372514903533
1951,16.87699349393122
1952,16.571290907253285
1953,58.47533944676088
1954,18.11473736989163
1955,18.105360830203182
1956,64.18324841661652
1957,16.571290907253285
1958,12.186266460324074
1959,18.115839737601725
1960,19.040568819385342
1961,5.956397927717241
1962,43.51917540892042
1963,39.55470577582548
1964,20.097457125121345
1965,20.097457125121345
1966,20.482390552671376
1967,20.097457125121345
1968,27.979010985555128
1969,69.58648917556778
1970,70.38069654009777
1971,62.244296056474035
1972,62.90768414269561
1973,63.857098874776774
1974,43.428066654931825
1975,43.28332961624402
1976,43.52661696204931
1977,43.520910567860064
1978,43.38119354410575
1979,29.02190863582142
1980,43.29806149368329
1981,65.9005254549661
1982,65.68959507104825
1983,64.9433710778257
1984,40.32776484468465
1985,43.13335654701852
1986,47.69599506397724
1987,44.7531593291847
1988,42.02885173996049
1989,63.041450530782946
1990,14.098638329982858
1991,71.53644401697184
1992,71.56399400676634
1993,51.05179894066399
1994,30.94435637768369
1995,63.91449841955566
1996,3.770812203861066
1997,3.770812203861066
1998,-0.4906854165546797
1999,-0.4906854165546797
2000,3.4164779197124986
2001,3.770812203861066
2002,0.25182548397634363
2003,-3.7230730212702596
2004,6.478067063907918
2005,3.8398340034578844
2006,-0.2257759943041453
2007,25.21595135327494
2008,26.343273864115474
2009,26.88484885170331
2010,25.78832329684628
2011,-6.821388735066036
2012,25.78832329684628
2013,-3.7840685660012294
2014,2.289259495383778
2015,16.571290907253285
2016,-6.439708839985419
2017,16.737914298855614
2018,16.980490153944075
2019,67.80339302775985
2020,65.7567444009151
2021,72.01908916594456
2022,50.853485887102174
2023,27.466519498409788
2024,25.78832329684628
2025,-4.136254651718023
2026,102.41587937436702
2027,95.8455270288938
2028,23.940129515556798
2029,37.49400756018311
2030,9.744566182530068
2031,27.838925337243545
2032,15.88285087799213
2033,16.684336493347885
2034,12.469210300891291
2035,41.66358971513335
2036,43.13335654701852
2037,42.90047828290921
2038,44.7531593291847
2039,43.030492760790445
2040,40.32776484468465
2041,-0.9989440741654256
2042,7.035776964527926
2043,44.018191386402414
2044,44.751642039636096
2045,38.3450623829703
2046,60.34378468590793
2047,19.79874957483691
2048,14.098318511876613
2049,14.033228053052444
2050,12.547040715912697
2051,16.980490153944075
2052,2.7003772268270296
2053,-4.2869807441287655
2054,26.40363930075071
2055,0.009790801015528316
2056,16.071694623467824
2057,12.650165522048127
2058,9.25178968826064
2059,18.141859684561005
2060,11.959661868623272
2061,14.734619184316301
2062,9.022651341923375
2063,9.057251608493925
2064,9.115002518317215
2065,24.97068532324809
2066,70.55676153203945
2067,70.25334943439458
2068,74.774859833742
2069,69.56173531852738
2070,7.43768077356172
2071,1.1542231647310377
2072,67.2870187666687
2073,60.156035098774915
2074,22.68947667543692
2075,22.39873941824311
2076,31.521614381314627
2077,30.544985745882826
2078,33.96325830473263
2079,86.13204264473941
2080,87.2836295543377
2081,106.47036133382193
2082,111.29852784502467
2083,20.276837092073436
2084,69.51497071890742
2085,67.90684369139211
2086,58.811563994583615
2087,26.104940312837797
2088,28.41161111373264
2089,4.424404826473683
2090,8.314212701977514
2091,11.959609739914768
2092,4.190441975389323
2093,10.620699642519089
2094,6.025085828821471
2095,21.28253153147432
2096,21.14497735889693
2097,20.595981121294862
2098,15.935492912987158
2099,-6.38870009763857
2100,-1.544150386549683
2101,-5.127043206566254
2102,13.409605663693526
2103,14.153996749251618
2104,69.8130681755703
2105,28.624910175794746
2106,29.45180512803185
2107,5.57716809698416
2108,-48.29417969499867
2109,25.78832329684628
2110,22.65314424973119
2111,19.558595987487557
2112,13.734397714340869
2113,10.568562083829892
2114,79.41510766901462
2115,78.2110146583147
2116,82.8784856360121
2117,69.02666396950926
2118,-5.494571872003625
2119,17.12278300580923
2120,29.523816202876368
2121,16.466688466149616
2122,24.684526964897785
2123,7.238660485746376
2124,9.180131072168624
2125,1.7919442051417072
2126,4.301497777340899
2127,24.439659146999297
2128,0.05980269754153689
2129,-0.7549539113589443
2130,0.6846332101797046
2131,0.5933121007541313
2132,1.5798257352801262
2133,9.180131072168624
2134,28.456614893630785
2135,0.05980269754153689
2136,5.892800998046269
2137,4.876652992728939
2138,6.832441161779862
2139,-3.402956496458831
2140,24.41019319624551
2141,28.547179593429092
2142,11.83846429600193
2143,11.50429524509385
2144,13.045190699496068
2145,12.682158562057573
2146,13.622749600994183
2147,10.311756737625885
2148,8.641490545997918
2149,5.836436536445298
2150,26.054700888570018
2151,21.93396439180833
2152,19.488719393943363
2153,26.853168853262268
2154,25.90749964399363
2155,27.207305618281694
2156,33.26812614008581
2157,69.72854463015904
2158,66.4038517754345
2159,-3.222729165474181
2160,27.121954339903937
2161,16.571290907253285
2162,109.30507720451891
2163,14.098318511876613
2164,11.564752534947775
2165,10.097308790117633
2166,10.693232694145607
2167,-6.244294688129592
2168,16.43506346303451
2169,-2.2888073295027613
2170,1.9386662014413112
2171,9.616688650879091
2172,0.5622922665935164
2173,-9.933821908418054
2174,11.980597801613069
2175,24.254792047217315
2176,7.320340118602456
2177,-0.5844193726754447
2178,4.539239320633278
2179,7.964763776671894
2180,10.34250161666608
2181,-5.425469803780368
2182,18.00459264508168
2183,4.802592205730342
2184,-2.4263464842267624
2185,4.41297944888078
2186,3.0908296678083786
2187,5.511527145468378
2188,6.592362347511074
2189,-2.0009161536919198
2190,-0.555277010984863
2191,10.662066450394185
2192,8.509492627797943
2193,-2.2012609271292742
2194,-7.86267428529891
2195,-9.860050377303331
2196,4.505407657749533
2197,-4.312152810219045
2198,-0.2642908363951637
2199,-0.6119970929884992
2200,-12.134756972663332
2201,-8.988989559559933
2202,-0.2642908363951637
2203,-5.565589117462405
2204,-10.023931656147653
2205,3.752604429987482
2206,9.744566182530068
2207,0.1656019451190769
2208,1.114414186567803
2209,16.474074337034008
2210,-11.279690000195435
2211,25.78832329684628
2212,22.47027425358076
2213,1.9226183394867782
2214,1.107687385266793
2215,4.816528106694893
2216,3.770812203861066
2217,10.23847135213294
2218,7.3601162631042065
2219,22.47027425358076
2220,-4.138485743442159
2221,-3.46857745229058
2222,-3.927806810899627
2223,24.411870989784546
2224,-3.0923815277378885
2225,-1.9877537388240594
2226,-1.8783821272154757
2227,-5.928195293302984
2228,8.751710632987486
2229,7.437802979759969
2230,-4.580284072390668
2231,14.698455802978717
2232,-4.3015946052137295
2233,2.842661375147685
2234,20.402814822050054
2235,29.484215717227393
2236,25.616223970423178
2237,25.78832329684628
2238,24.088138603406613
2239,22.4239151196727
2240,25.78832329684628
2241,13.23564794002871
2242,13.683451661578626
2243,-5.977227450169611
2244,0.3248574941443554
2245,-0.7235212125639077
2246,0.1861841766255079
2247,-5.73065641637735
2248,-5.2360883826079885
2249,1.2619391073985362
2250,8.464055575414871
2251,11.564752534947775
2252,11.959609739914768
2253,-11.025645529081096
2254,4.745375855619592
2255,-4.656362170478129
2256,-12.787232343159133
2257,24.05367567350423
2258,-67.76355476072682
2259,-20.15563550065613
2260,-0.5172102832897458
2261,-15.57994046860036
2262,-9.227694560637378
2263,11.888375144863975
2264,6.427517680853164
2265,16.50995659121649
2266,16.911287995872556
2267,20.119057565413087
2268,11.44462983827432
2269,35.081341277188145
2270,2.272922117874433
2271,0.40590521599489016
2272,9.501703079991547
2273,18.792433667901648
2274,21.716375255913583
2275,14.522419719826328
2276,-11.569635650759837
2277,-18.05603850428988
2278,-0.7509524647748904
2279,8.725018799352135
2280,15.799654899474707
2281,-3.3869671621516897
2282,23.038364838111292
2283,1.82897081955403
2284,1.82897081955403
2285,19.94777388938642
2286,31.683275398386137
2287,13.072550361913606
2288,8.438572326837825
2289,20.517440287131357
2290,7.9005483258833635
2291,17.59578299180576
2292,22.164508614386094
2293,26.214841781569653
2294,28.200207210952932
2295,29.75619082930171
2296,20.290078393903087
2297,13.093919323494251
2298,-2.439584225150332
2299,13.225655387031907
2300,15.18101691031007
2301,2.498055778477884
2302,3.649792227993313
2303,-4.643949776656067
2304,9.209151441716923
2305,10.820979327747352
2306,0.9016655519140624
2307,3.033948465070317
2308,1.6744763617458318
2309,12.242785850519006
2310,-0.6189415700338969
2311,2.958094740302851
2312,40.09568764085305
2313,19.85272285883697
2314,-4.289282369786992
2315,20.07765306214519
2316,-12.601137561966285
2317,-2.6760246058207944
2318,-2.6760246058207944
2319,7.028886409284855
2320,-0.04982795500570525
2321,6.282518789738241
2322,4.703223282798916
2323,7.2910763075791
2324,12.459054690903127
2325,0.5498237983051215
2326,6.55158727584989
2327,45.61861032976781
2328,1.6447873443906165
2329,15.340871691292264
2330,-7.448957005571853
2331,6.914069863999025
2332,2.437728739158029
2333,1.2760437768927382
2334,-12.296635983434378
2335,-6.244294688129592
2336,28.033745740282782
2337,-0.30414530246667937
2338,-4.364174195745736
2339,20.34818346990904
2340,12.730755581299398
2341,4.669818640331176
2342,9.387069432319255
2343,14.06476237421489
2344,6.622786069069406
2345,22.61905529718453
2346,7.338723548033233
2347,-12.753895247082259
2348,5.786071796227095
2349,10.294263338697295
2350,7.35873930629365
2351,2.6546482853582916
2352,5.430844336239762
2353,9.529145934953899
2354,3.9133430753288074
2355,15.248228832471256
2356,25.56128462793682
2357,49.73881422319969
2358,10.099823494642322
2359,12.335873891194659
2360,6.7825810779317415
2361,-15.195848732234458
2362,1.0186630142038435
2363,-8.319616510028954
2364,0.613948554469939
2365,0.7506259477359176
2366,8.695655438033608
2367,-1.4502894157515716
2368,-1.1992057537534357
2369,18.889251989071447
2370,-5.083277228771278
2371,0.9143429615847278
2372,1.0385233596733752
2373,-12.214786837984642
2374,-1.7559577114712877
2375,7.3229706409912545
2376,23.778509148099836
2377,23.774734314343142
2378,3.8715853115852745
2379,4.08556532208388
2380,11.541940697066345
2381,-6.526853129288106
2382,15.762274168807274
2383,9.299891217273409
2384,12.435214825762987
2385,14.19536516959073
2386,18.973787035080242
2387,3.9535968996003774
2388,1.2758392837516919
2389,8.6635339861969
2390,1.8847195141653543
2391,2.4891313049138475
2392,-5.291573505839102
2393,-3.1380548597351723
2394,8.287205999212787
2395,1.0090589973910156
2396,2.842661375147685
2397,-0.37073370385303406
2398,-16.242079854027583
2399,6.42107918481587
2400,-10.238409044054947
2401,0.8044882304905414
2402,0.128065126903099
2403,4.388845480406065
2404,-6.819065233190842
2405,24.58776887972661
2406,1.2236260572582651
2407,-0.3523271247180233
2408,5.478511323787316
2409,4.796723982577561
2410,8.237518979762768
2411,6.382952953199872
2412,-1.7931017905644921
2413,11.19386966795587
2414,-6.330116698238019
2415,13.86587532533012
2416,6.978842463505185
2417,-9.546407764470349
2418,3.8723704956094878
2419,7.719907948567432
2420,3.8648086565655575
2421,5.406711540986475
2422,16.290256387917154
2423,10.20023245139232
2424,0.021094205593083615
2425,8.161633239777021
2426,3.336144328001776
2427,14.317982327733166
2428,13.294151939563402
2429,6.218613892372868
2430,7.5471331966840935
2431,5.464122294723271
2432,5.541942772867415
2433,1.0767491660393684
2434,0.8221520276388965
2435,7.3350936438658785
2436,3.0542571259771165
2437,4.960972376211114
2438,4.185457182650811
2439,8.593985723800326
2440,2.937154010631115
2441,1.8087754039053259
2442,4.694348616358351
2443,4.388638479503751
2444,13.607760995648608
2445,1.221499329892021
2446,7.983201820704551
2447,5.711583885973141
2448,9.305775627335617
2449,8.676039934388363
2450,9.305775627335617
2451,13.647150270645806
2452,13.637418649854567
2453,-1.3904143036166339
2454,-3.055160213732492
2455,-10.288058762488543
2456,5.106797542998461
2457,8.2365563952661
2458,-0.14236848876410058
2459,3.868785421335552
2460,9.81556945858662
2461,26.769561897690608
2462,-0.03589982419050841
2463,11.545474703773305
2464,13.40075210462743
2465,-3.1504021932312902
2466,0.7304491491900258
2467,0.06734228581873225
2468,4.962175966978325
2469,3.203070287884639
2470,3.941215547005207
2471,8.29982579155968
2472,6.060476296741427
2473,6.638815058311035
2474,5.805784721854103
2475,6.7246592864426376
2476,7.129418607522123
2477,9.139111987360046
2478,12.691760116215324
2479,11.267573774856189
2480,3.923170792710888
2481,7.731155976781345
2482,7.533603556330689
2483,11.735672277291254
2484,9.467895199567355
2485,6.735838975743199
2486,7.4969584508648275
2487,1.8897800989298688
2488,5.6861165417429795
2489,10.39613678138124
2490,3.2185491461939364
2491,23.56099697587117
2492,-8.306562492033564
2493,-0.7401865079275272
2494,1.1171009347907983
2495,17.356158104779738
2496,3.6483844258171487
2497,6.757421452049343
2498,4.725307806449489
2499,6.121305124602305
2500,5.801796733875026
2501,-0.2963059633069349
2502,0.8074185350202665
2503,4.1913278560378515
2504,8.125913942747449
2505,0.9482668049139154
2506,9.22255379748606
2507,-0.08248488515359398
2508,7.53983595149769
2509,8.193028357201431
2510,4.520941080033623
2511,3.7888573172427265
2512,-1.97796105873981
2513,-4.360916094498728
2514,6.881543752341589
2515,6.289496457423827
2516,7.03671644945203
2517,6.006455481634145
2518,13.052782325441445
2519,11.242900621326491
2520,11.560929189202852
2521,-7.334843754952652
2522,11.915837787108718
2523,13.855958909107024
2524,4.475955516252565
2525,3.897722019937248
2526,2.2897046747325795
2527,6.171269712210023
2528,8.877431647080204
2529,3.9623886525457372
2530,3.090851530729715
2531,2.956929323866966
2532,8.30220396758899
2533,10.751846045592167
2534,15.972080459791055
2535,18.464462704484134
2536,7.884032790239871
2537,6.629489950988539
2538,6.350282646332779
2539,6.478067063907918
2540,8.170461248661326
2541,8.264638681130222
2542,7.335361693743778
2543,12.324298022211817
2544,13.304711837547003
2545,12.949651137991207
2546,6.025085828821471
2547,0.24685244261306138
2548,0.9175579741493092
2549,-0.03589982419050841
2550,15.972080459791055
2551,3.113371713822861
2552,3.770812203861066
2553,3.770812203861066
2554,4.681265275258141
2555,2.9156678731167673
2556,2.8308706885205623
2557,2.437728739158029
2558,-2.490900032433064
2559,6.2383269365072
2560,-18.104618160282442
2561,28.84487339087908
2562,26.81249279183816
2563,10.598952557957809
2564,6.584251453686971
2565,2.4279322607721916
2566,3.637710967198263
2567,5.955845283178963
2568,0.05980269754153689
2569,-1.7894508559304363
2570,-9.943086715078607
2571,-9.10677656357393
2572,8.06655077878725
2573,9.321029326367437
2574,4.981124316576899
2575,-0.15317850677011968
2576,5.0200546436865
2577,0.6793518290620781
2578,4.201191737863898
2579,15.286064964054919
2580,14.125095231199069
2581,20.181345755308577
2582,15.111327150473116
2583,13.20293091581689
2584,15.932106449356372
2585,0.9050494994991443
2586,23.376452035124387
2587,18.72785797562178
2588,18.762673575754945
2589,13.487829167270874
2590,9.562510132251475
2591,19.255442698211844
2592,-0.2009726966055414
2593,9.541215603118367
2594,11.028570674447547
2595,6.204307402989176
2596,10.368281518636081
2597,17.079458501606577
2598,10.492214129050286
2599,2.8533992789786353
2600,17.24883057016971
2601,16.028857785747018
2602,1.9450142817236404
2603,-1.0034439079944502
2604,1.7508470154086702
2605,4.88738088159722
2606,8.280344224725628
2607,-4.720480563034371
2608,15.72597898180458
2609,14.52453182923593
2610,12.026088466641298
2611,8.121505824000856
2612,-3.0403356101169674
2613,10.272517119559005
2614,-4.637770852729661
2615,0.6352216274343174
2616,-0.9274371834925326
2617,-5.373004568708286
2618,-5.534093722037289
2619,-1.6999390771852259
2620,21.09465318588387
2621,75.52293648607883
2622,8.41546152529573
2623,13.154082348324764
2624,-0.35244544532513267
2625,16.598365915429813
2626,11.211698164769647
2627,18.03392383407435
2628,-8.520341357165886
2629,29.134017462913228
2630,-3.150736742385977
2631,40.600659767938375
2632,1.1127162254932497
2633,4.867337651195314
2634,3.5305508397393055
2635,18.069315660897423
2636,16.631779864661745
2637,6.43458391448333
2638,13.27547230524888
2639,9.027688037113052
2640,28.58817275358001
2641,10.115447714836641
2642,9.299310488250878
2643,-9.28497520314998
2644,2.5464982094908315
2645,7.1506720448878625
2646,0.6762504442805941
2647,9.306861439934146
2648,3.1725302147966126
2649,6.577446686858099
2650,6.327103763045468
2651,-0.16765798015865307
2652,-6.839079497391493
2653,-12.707637692760105
2654,24.270236555086058
2655,7.134925667852897
2656,-6.8357914910172415
2657,5.779941237423749
2658,0.26865461494114484
2659,5.276685183311212
2660,9.488415017122438
2661,3.934831718781961
2662,3.688089772847725
2663,4.10531368324483
2664,8.06223603518707
2665,10.04014668650606
2666,-1.6394465679401762
2667,-3.055160213732492
2668,-0.03589982419050841
2669,0.24685244261306138
2670,0.9175579741493092
2671,0.9384213199078495
2672,10.39613678138124
2673,5.764992735264851
2674,6.921447556714572
2675,-3.7319311070033123
2676,16.578806703287857
2677,6.1579640539342755
2678,13.976718520903763
2679,11.699701352659723
2680,5.369224990836187
2681,9.410634323782332
2682,5.12848836129281
2683,7.946293557006879
2684,19.47363182374555
2685,9.299310488250878
2686,4.75508822694972
2687,9.027688037113052
2688,29.759741872467835
2689,26.11112213321821
2690,35.01270547690106
2691,5.5048067891504395
2692,11.44794642354433
2693,9.680203712021484
2694,8.238654597911594
2695,7.680163418188155
2696,4.599189756360612
2697,-2.958753963264259
2698,4.406126055179232
2699,7.925910768373516
2700,-15.071481548234367
2701,10.957310162225461
2702,13.377624491725069
2703,13.363380032799824
2704,10.65288731694201
2705,7.638571979464466
2706,7.442889727124708
2707,8.254822183987987
2708,10.186600676555639
2709,2.6879990962445888
2710,-0.9989440741654256
2711,8.092834317233564
2712,3.522820025374937
2713,-16.746770831306012
2714,15.979482077673655
2715,25.569316377078017
2716,-19.983859694935617
2717,10.559929039681563
2718,9.057720023103169
2719,9.010945711798062
2720,11.51140883664943
2721,-11.305087044755194
2722,14.960270153899309
2723,6.751799575317435
2724,11.759874641077907
2725,6.6384756894066435
2726,2.856003850504514
2727,13.377624491725069
2728,7.259980005317253
2729,14.63257029190149
2730,15.891268092483521
2731,16.74656094968066
2732,14.468667728965322
2733,13.945134143777373
2734,22.24853613639545
2735,14.8811030438852
2736,12.520521439791448
2737,9.98129840169618
2738,10.510847161228266
2739,10.532369223518522
2740,12.253328678976086
2741,8.047090640567166
2742,10.494780330709467
2743,10.330753906735314
2744,10.290731147914329
2745,10.40333859382715
2746,-9.711173203544469
2747,13.24106837376273
2748,8.403308141095774
2749,16.072394360587552
2750,-11.480222836236033
2751,-6.061413498015778
2752,-0.9126053616773131
2753,21.670226231620553
2754,7.925910768373516
2755,-0.8378865146849215
2756,10.285824314104133
2757,14.308779594322882
2758,13.866393918206612
2759,13.827847055836095
2760,4.41297944888078
2761,-12.88620472712524
2762,13.827847055836095
2763,13.533139130119086
2764,9.453584210637413
2765,17.40049884292489
2766,9.485390295848482
2767,6.338352199424094
2768,5.0903088555420055
2769,7.956733734210083
2770,8.767297312081833
2771,13.039184587401866
2772,13.13426523373824
2773,3.8967742331929074
2774,16.406942973008455
2775,16.961637734500112
2776,7.724606085202343
2777,29.414035678741733
2778,8.83653205019706
2779,7.883431794557261
2780,14.637246230627778
2781,15.390662596730277
2782,15.86673886176343
2783,16.848866634765535
2784,-0.7631749558721097
2785,-8.389223562961458
2786,-8.65628748695969
2787,-7.822469008973876
2788,-6.939717780741979
2789,-6.595344001726449
2790,1.6031841468567993
2791,17.255228429230883
2792,16.558467131378123
2793,13.603319565381284
2794,15.460622332706663
2795,17.34622535556354
2796,12.38290962139726
2797,2.5873442560463715
2798,2.5873442560463715
2799,20.638581184871896
2800,20.517440287131357
2801,20.265254707773423
2802,4.41297944888078
2803,-1.1546286809383695
2804,-1.2570518396120232
2805,0.6720229637750315
2806,5.293518650895479
2807,3.1418251724969757
2808,3.1932172384045145
2809,6.448376357773746
2810,5.686606197068379
2811,8.173982867560095
2812,14.977161311683371
2813,13.827847055836095
2814,16.851839677536606
2815,11.727815671311934
2816,16.67602770490446
2817,8.637975475557933
2818,4.609535329778019
2819,24.162505684719882
2820,25.78832329684628
2821,25.78832329684628
2822,4.424404826473683
2823,10.559929039681563
2824,15.891268092483521
2825,16.094465483454833
2826,14.960270153899309
2827,13.374571458683103
2828,13.77979838770052
2829,4.704555056712582
2830,5.513591477036233
2831,0.9175579741493092
2832,13.570956878032607
2833,-4.871005498143125
2834,18.476783254976375
2835,0.4950116402506666
2836,8.664395993392176
2837,40.18017951037192
2838,4.424404826473683
2839,3.025238491649702
2840,-2.6105668574783074
2841,-4.584978596281591
2842,-5.301028341498313
2843,18.637565151000615
2844,8.172897035271319
2845,25.78832329684628
2846,31.04052106459679
2847,25.78832329684628
2848,23.018131303699228
2849,24.181621395032195
2850,25.78832329684628
2851,27.382673856290687
2852,13.688442455818858
2853,4.052326266475948
2854,11.610950086421976
2855,11.610950086421976
2856,11.610950086421976
2857,13.960631751549268
2858,25.78832329684628
2859,22.11342492566658
2860,10.559929039681563
2861,0.6959498205523946
2862,22.24853613639545
2863,50.454829515397584
2864,10.874661423305614
2865,44.10443026060312
2866,3.2624791737320287
2867,21.700092798175774
2868,4.736807945301987
2869,0.7786288816949689
2870,0.7786288816949689
2871,16.197978111293573
2872,12.438165992950363
2873,-3.80809797382158
2874,-13.945691012360749
2875,9.439864408865727
2876,9.594778371356679
2877,-4.119050026875069
2878,13.355169869286243
2879,12.978609301778782
2880,13.074012921023908
2881,30.47415328178939
2882,-2.410606684973285
2883,22.07936000228964
2884,25.78832329684628
2885,23.23391334360386
2886,22.567802543317406
2887,22.688689610374226
2888,20.941272544079503
2889,17.466731330573577
2890,10.033273362027927
2891,15.770887009616462
2892,10.372221733686974
2893,30.393706318104414
2894,24.796978726217432
2895,57.575349432722284
2896,14.879413273278349
2897,10.842889886126294
2898,27.55739706254137
2899,31.229675290296342
2900,0.2870892298553738
2901,-14.224425293771676
2902,0.9056672048961509
2903,4.423248313469706
2904,1.6256205834645048
2905,3.0604296448283677
2906,0.5313522268393722
2907,7.293078906419112
2908,-4.157374768460796
2909,6.176407064077349
2910,11.062943718555346
2911,6.064924929201425
2912,-3.825556429030403
2913,10.103097729736081
2914,15.070021607056727
2915,1.6821140777215646
2916,-4.397467624768225
2917,4.75800933343664
2918,0.9056672048961509
2919,17.756800012420648
2920,14.95091572642303
2921,-8.795524849552443
2922,-8.316445354381472
2923,-7.825022236202568
2924,-11.900768521331957
2925,-6.919021929094354
2926,4.45237272255693
2927,2.8736435922074826
2928,1.4959420397455112
2929,18.084215460315193
2930,17.488164591045987
2931,8.137037088333162
2932,12.996322865271186
2933,-7.023459610434848
2934,0.2870892298553738
2935,13.747196430372064
2936,41.657638657677005
2937,11.959609739914768
2938,13.842694856829667
2939,10.26810037796987
2940,0.9177075772092138
2941,5.528578212764568
2942,10.092673852829005
2943,14.175995218290502
2944,3.4320610831066958
2945,-6.423351192161093
2946,-4.193519298080863
2947,25.78832329684628
2948,3.8398340034578844
2949,11.062943718555346
2950,9.105385916993011
2951,9.084362884507332
2952,9.948257201805543
2953,4.960972376211114
2954,15.834347153887492
2955,8.095516086174865
2956,16.41293780572138
2957,8.791936252326519
2958,8.331611688631053
2959,8.14797475885165
2960,7.962292166152132
2961,-1.4652206488479358
2962,9.097606373721018
2963,13.876684481008137
2964,27.44235591853203
2965,8.082192982885772
2966,8.735589437665958
2967,9.07795305243205
2968,9.057720023103169
2969,11.124889631397863
2970,13.945134143777373
2971,3.5744141408256347
2972,-2.451366065301766
2973,13.77979838770052
2974,0.35748698031680703
2975,26.657745069230636
2976,58.4746826154068
2977,27.50384151421821
2978,31.58240639459916
2979,24.120258930758126
2980,-4.91362776436211
2981,24.162505684719882
2982,25.78832329684628
2983,22.515259233416486
2984,7.830498890761877
2985,9.691537202240998
2986,25.869764872590956
2987,27.763852267056393
2988,30.999641663282596
2989,33.29122468309069
2990,22.419835588350786
2991,33.39050776068359
2992,3.2948729173319435
2993,2.812669340391185
2994,2.4696302061020603
2995,66.33975207624539
2996,2.589765449007384
2997,15.843296413411498
2998,6.98557981034503
2999,1.5957470645908263
3000,3.932726522934015
3001,22.844379934002482
3002,10.559929039681563
3003,8.50936983287188
3004,-4.95901819665022
3005,55.27910414878348
3006,13.409605663693526
3007,3.388930348613833
3008,11.975814057720676
3009,1.657498136277722
3010,2.072611330051867
3011,2.4400561704931256
3012,8.219322700937717
3013,14.300929992429346
3014,16.072394360587552
3015,4.3980018172632
3016,5.57716809698416
3017,9.901982565826621
3018,11.47333366508726
3019,17.730513079238996
3020,14.242725748841249
3021,9.176897267784145
3022,7.558961095784387
3023,9.200850061005909
3024,1.6031841468567993
3025,29.484215717227393
3026,14.991790163139033
3027,18.672827161761205
3028,19.73539685720084
3029,11.386601459985808
3030,12.378105861684606
3031,2.5523947066673713
3032,26.552756916633037
3033,26.63857612776753
3034,-4.962358686677675
3035,-5.921410872162625
3036,12.490408582171394
3037,26.285252059180422
3038,23.022916991470773
3039,32.93068621898329
3040,9.493896756286436
3041,10.07531117267916
3042,11.377864241377054
3043,10.76320278246832
3044,14.529754638972829
3045,22.580960803601755
3046,22.9639437046539
3047,14.896763762247705
3048,22.163750666390563
3049,17.71162131899934
3050,23.565994099297477
3051,-13.90353455090542
3052,13.271324088404175
3053,1.7692369707659932
3054,15.809848399383135
3055,8.068326825957495
3056,1.9102487296061739
3057,2.6028013527635885
3058,10.068973548055986
3059,14.52453182923593
3060,2.6281062672801028
3061,5.647116006718676
3062,-1.6758187784116263
3063,4.64105651990111
3064,18.23734804603898
3065,-9.170735564034985
3066,3.8192902855309008
3067,5.592968387881353
3068,4.206317410023534
3069,-10.508735846843543
3070,-16.403220954352335
3071,-17.216537525947892
3072,-9.340710833649073
3073,-9.361180757421398
3074,10.919201106118216
3075,9.307737888882155
3076,13.238507769062885
3077,-7.246319538492636
3078,7.237577070285255
3079,6.18972867441386
3080,11.43786360670865
3081,14.14265824721032
3082,2.629480845855852
3083,8.66836579611665
3084,15.846119159726296
3085,-6.236729646730952
3086,-6.073088396353116
3087,13.304711837547003
3088,8.170394551946977
3089,7.112627022421844
3090,6.913128799189316
3091,-3.860722392380099
3092,-6.073088396353116
3093,5.410907742108485
3094,-5.471964639729627
3095,8.103803299742584
3096,6.882332219783017
3097,10.44413177665653
3098,3.2246020252552263
3099,-2.309897488761024
3100,-16.26606554242186
3101,-9.316907470119148
3102,6.6331072860513665
3103,21.92852208433503
3104,21.6375715873222
3105,-2.6949790555360433
3106,-4.725714931136979
3107,8.439876360907888
3108,7.380963848160057
3109,5.57913070291168
3110,-3.585491900996189
3111,-2.2624993631204546
3112,1.0935660713569373
3113,-10.112240534997305
3114,-7.754670256516444
3115,-3.559324354364602
3116,-10.840739964042616
3117,10.513456205710117
3118,7.884032790239871
3119,-6.0911541719195785
3120,-4.5575848841271505
3121,10.749158520970063
3122,-0.8713342949314313
3123,8.543782255907878
3124,21.843165455753542
3125,16.69837778994609
3126,4.64105651990111
3127,6.663209671902031
3128,0.2693156745558358
3129,10.969228029443663
3130,6.884681635576154
3131,-5.856091126615821
3132,-16.837780172743187
3133,-13.004865377402227
3134,-12.778238493333124
3135,-7.376357113190654
3136,-1.5206089262533489
3137,11.568009297730843
3138,7.1816064018918695
3139,8.308217856298391
3140,12.096281054707696
3141,17.978278637276432
3142,4.428741698295944
3143,5.547069828803483
3144,0.0001773686968231658
3145,11.959609739914768
3146,6.025085828821471
3147,9.744566182530068
3148,-2.701072110764498
3149,6.730631388407382
3150,1.0935660713569373
3151,-1.1087034419919863
3152,-6.165429637748174
3153,-4.0814276179714994
3154,1.0186630142038435
3155,7.181236155293842
3156,-5.157961597785871
3157,22.22606025551722
3158,9.19372810882157
3159,9.125937774197876
3160,-4.53717126374344
3161,-12.23138127944588
3162,2.257152758403233
3163,6.461336133662773
3164,2.321492800244915
3165,3.139972849364895
3166,0.1269209630416217
3167,0.4751563548952742
3168,-2.2038291132324073
3169,7.785668057089694
3170,0.10693336761207561
3171,7.7600570354326415
3172,-4.329190136069952
3173,5.18125805617678
3174,2.3046495805978005
3175,-16.544363032293454
3176,-11.84463630173643
3177,27.838925337243545
3178,13.178764991928194
3179,3.3795118579321084
3180,11.611462651792866
3181,11.931757093490464
3182,12.035921389429419
3183,12.15214188936297
3184,5.508150902936688
3185,4.536717802982185
3186,6.441097101685141
3187,22.142367720765222
3188,10.476728353770138
3189,9.770662873589366
3190,6.8411332468946995
3191,4.938738262698209
3192,11.640687736900194
3193,9.398761656412933
3194,7.223210203078452
3195,2.6684403905594287
3196,5.291004231356144
3197,4.077552629631704
3198,12.779722426687421
3199,8.408792457332801
3200,3.5318825866186714
3201,4.051240197606614
3202,13.704746768193097
3203,7.478632617627227
3204,8.879151319417076
3205,-1.073971234373733
3206,-8.123916418012744
3207,2.2084576122293527
3208,4.566331652811996
3209,2.0136091494091275
3210,4.400348350452411
3211,5.12480053019706
3212,6.913128799189316
3213,-0.6086811491367285
3214,0.24685244261306138
3215,0.31644107818867795
3216,5.735944099793823
3217,13.830362173451771
3218,12.766995194969475
3219,12.990885291406247
3220,13.085791679696175
3221,-5.92674664861396
3222,-5.693385248306598
3223,0.2916226254962062
3224,-10.110740288938768
3225,16.090551505225456
3226,15.019596032146811
3227,17.84462467194345
3228,5.881511307762359
3229,5.533673481668885
3230,0.47339885662131564
3231,8.419757863261356
3232,5.0645636297495855
3233,2.3153221734516514
3234,1.8545007910928426
3235,-1.2823156545721393
3236,1.6348937672358623
3237,6.487262214311933
3238,5.876033739951648
3239,5.299458046241831
3240,17.088666443043472
3241,24.41019319624551
3242,24.162505684719882
3243,22.419835588350786
3244,10.692161550440911
3245,3.522820025374937
3246,1.6396287333911665
3247,2.458820647655646
3248,4.049241222504872
3249,8.408432544558671
3250,0.2870892298553738
3251,-8.11114363033747
3252,-10.129535874610767
3253,1.9386662014413112
3254,3.5881391621815766
3255,5.539578012439485
3256,3.4454319325956355
3257,-2.5540540606849778
3258,11.271297063332877
3259,14.178358971398328
3260,-1.1087034419919863
3261,3.749961842654308
3262,4.2715580810908484
3263,7.2159189455509285
3264,-1.155158490664098
3265,6.700143769309122
3266,3.2885141455960465
3267,14.317982327733166
3268,4.694348616358351
3269,-2.56042434232797
3270,19.367781086897686
3271,29.134017462913228
3272,12.833526682915195
3273,-0.03589982419050841
3274,1.5798257352801262
3275,3.289872833592174
3276,-3.9272964635870444
3277,-2.59726707019556
3278,-2.968154898526178
3279,1.1040527985389073
3280,5.08640967998911
3281,-0.42909990438632306
3282,15.132568855367253
3283,-0.03589982419050841
3284,0.5489145906414947
3285,3.0604296448283677
3286,19.770508564568672
3287,29.554370423918755
3288,11.496678411207313
3289,-2.1857364592576793
3290,-19.454050828977614
3291,31.984145374538365
3292,3.8049504125311095
3293,-3.310832696365079
3294,-11.21995321668879
3295,6.294769206836623
3296,2.6727718941230343
3297,12.277853842505706
3298,2.2354791639085896
3299,3.8988847658379555
3300,14.641659795775194
3301,3.822465516500067
3302,9.264205593909598
3303,3.4697741010763004
3304,8.311594897836653
3305,4.514512498750083
3306,3.707662772660264
3307,3.822465516500067
3308,0.38935331688538355
3309,0.19122907487167318
3310,14.802373419679181
3311,-4.35638444211002
3312,-2.282856104197121
3313,14.802373419679181
3314,12.113594898407467
3315,0.524346558074896
3316,2.6608103380844277
3317,3.804267372629777
3318,5.25527694768315
3319,2.6018732638262634
3320,3.248231083990717
3321,3.3922825408596395
3322,2.9370288471589276
3323,28.149273580312318
3324,23.296493046699666
3325,16.071694623467824
3326,16.071694623467824
3327,0.8341846604196839
3328,-9.555831633621636
3329,-2.9975551072182682
3330,1.7590731795178964
3331,20.097457125121345
3332,20.097457125121345
3333,4.185457182650811
3334,2.3046865449636442
3335,-18.104618160282442
3336,5.403612442195829
3337,5.980308856863257
3338,-3.0846282565224072
3339,-3.712282109393689
3340,-3.2184247575730573
3341,-1.9086646840153954
3342,4.465027654382602
3343,7.315782542309329
3344,13.89166448931541
3345,13.532488705029735
3346,13.604206308814675
3347,23.368605101828834
3348,1.3825739275460318
3349,0.6480869426309912
3350,-0.43317333574740147
3351,29.788651970443723
3352,1.0385233596733752
3353,9.439689550739832
3354,8.973634045896617
3355,-1.073971234373733
3356,-3.277199801614815
3357,-19.288612901639247
3358,20.76749541182501
3359,7.7049974818067
3360,15.618559418195062
3361,-20.626515301459833
3362,-18.5231551759797
3363,-27.873705485018725
3364,-15.195848732234458
3365,-4.053967293343211
3366,-4.116455998142651
3367,-10.251676871576592
3368,-9.259004491879452
3369,-8.69243780269798
3370,-8.470499671626815
3371,-10.251676871576592
3372,3.4164779197124986
3373,7.241634704261767
3374,4.291097097049864
3375,-1.7325995357201531
3376,12.57509648859762
3377,2.3438540841652333
3378,10.709275293596015
3379,-2.8805695500033845
3380,-4.657112721314423
3381,-5.825801249097292
3382,1.3863621429414508
3383,26.229485989022535
3384,19.402238926359033
3385,7.184489606092537
3386,12.555274701924816
3387,2.8929437471326303
3388,3.8398340034578844
3389,2.3155409024963234
3390,5.493025211252029
3391,101.87710982265199
3392,102.85806326586876
3393,103.0573941856195
3394,100.06528830307656
3395,26.386352957585224
3396,27.532303712155326
3397,10.693232694145607
3398,-16.277460467444772
3399,-14.109023820635674
3400,38.20588994082893
3401,20.217976124477204
3402,21.718518966388096
3403,12.922884772420677
3404,98.19023028257635
3405,104.80054085835823
3406,69.11429453580035
3407,69.16327734351441
3408,69.24342859775103
3409,69.38910021823148
3410,10.127961582074118
3411,24.606276945199767
3412,23.806020386248058
3413,54.75501005554241
3414,8.751710632987486
3415,-6.821388735066036
3416,13.430070438889462
3417,0.6095609544295755
3418,-6.42781446263402
3419,0.24685244261306138
3420,8.270589560744927
3421,12.105960527667765
3422,8.33118760331027
3423,15.29915263215242
3424,-0.30559275927165963
3425,-1.2230008907841512
3426,7.980519048716069
3427,9.616688650879091
3428,10.752889414328667
3429,-7.225412008977928
3430,-3.152151023859533
3431,3.4639398816833307
3432,4.673812891939118
3433,4.943364689247925
3434,24.906285194057652
3435,12.554007931684946
3436,-27.848357438684744
3437,13.991114759529694
3438,15.59314119034212
3439,12.583601357508485
3440,8.751710632987486
3441,10.829364194191328
3442,28.722496133940204
3443,10.90034167651385
3444,11.29024642425302
3445,-12.19066338948986
3446,15.299115956706483
3447,62.244589942747844
3448,118.94123280854726
3449,13.08514202038501
3450,11.107236508491624
3451,6.562617936171087
3452,104.78725521334033
3453,70.45332565542193
3454,65.37702008796379
3455,100.47067626751726
3456,98.72546630669802
3457,99.28551317061135
3458,2.3351644363652753
3459,2.3989067991135684
3460,11.121080017525308
3461,3.3144742355132664
3462,-4.099231994095696
3463,21.690272893772715
3464,21.752501502607792
3465,11.086798929464223
3466,10.501743711414719
3467,-8.079899698916194
3468,-2.0115232163919643
3469,-8.450519301611585
3470,9.084518538345407
3471,77.96538570915067
3472,109.66149483303786
3473,22.372613294760143
3474,23.478614169407983
3475,12.058032869509479
3476,15.372437958950318
3477,2.392612580883636
3478,-1.702812141868602
3479,13.360005925620257
3480,12.922060779265468
3481,103.91534717497936
3482,14.668757443619878
3483,-0.8759324894946374
3484,1.8087754039053259
3485,25.811063572200815
3486,46.154947284772504
3487,47.098385268440865
3488,2.4400561704931256
3489,29.451413272734925
3490,0.5489145906414947
3491,33.39410576304674
3492,32.39396068599724
3493,32.235758109849094
3494,30.607353299556223
3495,13.871779671863948
3496,16.961149460684222
3497,27.218965226526656
3498,30.230138801726817
3499,8.335448872354757
3500,10.538835345149778
3501,25.852469521643222
3502,27.218965226526656
3503,11.798274799644396
3504,7.293078906419112
3505,3.2996893068043924
3506,16.06861009821712
3507,2.4400561704931256
3508,60.90404724792038
3509,58.204911660632796
3510,5.583242145255134
3511,3.752604429987482
3512,10.009885234326742
3513,-6.244294688129592
3514,14.209042742565728
3515,10.847098346119363
3516,3.870221952686215
3517,13.788945904155415
3518,7.782025678369976
3519,118.94123280854726
3520,30.404694264754973
3521,64.62161225011178
3522,25.455708624424545
3523,23.30386929579673
3524,22.738823085175532
3525,22.194498878832526
3526,18.551012832754097
3527,18.872713404368774
3528,21.780112344417795
3529,20.9324332579312
3530,20.17439908522347
3531,20.450739555988704
3532,18.329243170973243
3533,39.55470577582548
3534,30.230138801726817
3535,22.08945191523342
3536,35.12454948581572
3537,14.209042742565728
3538,30.230138801726817
3539,38.82085211725269
3540,10.863526277978146
3541,19.69326883209618
3542,10.140459745174674
3543,11.062943718555346
3544,19.62382601325806
3545,7.534988218392758
3546,-1.574515862766967
3547,8.170461248661326
3548,2.2231645060774525
3549,71.23620540197419
3550,74.87393566915
3551,71.65153834309277
3552,71.37954556602631
3553,16.473320695331978
3554,61.995474431730905
3555,61.65658234324123
3556,4.161624206716404
3557,18.61377543775604
3558,13.07035284605384
3559,16.651891256014117
3560,16.805678624498384
3561,-4.067707356447102
3562,-3.8308853635687186
3563,5.616774246634293
3564,8.591751277568797
3565,35.24802818208136
3566,1.7289837911047385
3567,43.94988148521062
3568,48.31127553021901
3569,7.624259147519016
3570,6.6412112509856485
3571,-1.5266683505035452
3572,-0.9415133320793672
3573,30.866744400420878
3574,28.843559710931522
3575,20.75071096951978
3576,5.774382546153241
3577,8.21546175255181
3578,19.830132095916575
3579,21.000532073130863
3580,4.81182888581132
3581,28.843559710931522
3582,22.554155869162443
3583,32.60050538458411
3584,17.36932986003771
3585,28.517611325028412
3586,9.744566182530068
3587,12.360016554374191
3588,17.871953087794488
3589,19.33957513798373
3590,19.73620426019537
3591,119.77621423412336
3592,102.72072048141135
3593,22.938126694496617
3594,5.169080456807283
3595,12.06438026850919
3596,20.15699605145423
3597,10.168055766435025
3598,11.448831219785184
3599,7.844536898329064
3600,15.699381961117663
3601,10.168055766435025
3602,34.663642765862406
3603,20.06951147167573
3604,18.958964213278648
3605,22.286817744373792
3606,15.372437958950318
3607,16.287873447178534
3608,9.714784955458104
3609,13.30136664657854
3610,8.591751277568797
3611,7.977950491256387
3612,4.599640161320405
3613,10.413271817155408
3614,5.638921857185366
3615,4.3007581322013415
3616,2.008294862612381
3617,5.114335874236456
3618,30.866744400420878
3619,22.438014254904296
3620,25.21595135327494
3621,22.216838030923974
3622,25.27383700751492
3623,30.230138801726817
3624,10.413271817155408
3625,19.73620426019537
3626,7.550963947226801
3627,-7.237911895854876
3628,5.785911418365135
3629,14.307712323610225
3630,19.386564403942188
3631,4.599640161320405
3632,6.661542575242798
3633,4.948896792268769
3634,6.652588039043202
3635,18.02747120011773
3636,33.39410576304674
3637,71.16317309892904
3638,69.00668258038206
3639,69.16692167293911
3640,62.62545587593913
3641,65.13660205261729
3642,22.33809950574367
3643,89.29579994075297
3644,11.215299122624913
3645,10.9592809302262
3646,11.593231095084718
3647,42.309871478844215
3648,32.18074856203572
3649,19.326950252230056
3650,20.346164601445118
3651,-1.9706352425362272
3652,0.24685244261306138
3653,2.570162767752855
3654,-2.8904363498989305
3655,4.301497777340899
3656,13.655004106863863
3657,-2.8904363498989305
3658,-6.946679546414073
3659,16.651394476099544
3660,19.10444298792421
3661,20.06951147167573
3662,22.741150327429004
3663,4.782898068780682
3664,101.30277935230805
3665,13.891410659519092
3666,15.50079060196422
3667,14.561480238964396
3668,67.47930685387942
3669,6.166487589261941
3670,6.779396797430898
3671,5.567265599838333
3672,-16.66442844911994
3673,-2.634524375842682
3674,34.11819617969444
3675,-2.8987277900116126
3676,-3.501877350400223
3677,24.000435069575936
3678,19.731032873160252
3679,18.009556334510542
3680,21.098295621467457
3681,11.290020033615125
3682,13.166100235470775
3683,-4.287447486540316
3684,6.713432900112359
3685,6.064924929201425
3686,6.713432900112359
3687,0.10003877713657694
3688,0.1877258075673076
3689,0.2736031695830974
3690,7.293078906419112
3691,3.8400297365008846
3692,3.407816824278676
3693,3.365234903265968
3694,3.025238491649702
3695,7.0625124435292115
3696,9.671176818981369
3697,4.1720447560931895
3698,3.147746771283483
3699,23.170384693154766
3700,24.711074461566618
3701,46.93250919732039
3702,-6.119992041030203
3703,-2.6983446128676363
3704,23.547737213999582
3705,21.930428733477292
3706,10.696470649900863
3707,10.42149134470581
3708,8.596639514263941
3709,5.6429439849847896
3710,-0.5534244545545803
3711,5.369224990836187
3712,7.977950491256387
3713,19.007779398666727
3714,19.83029493426622
3715,20.24948145509901
3716,16.751248181327966
3717,16.90010944968177
3718,19.42891199181384
3719,5.21132156882971
3720,-3.530479906512305
3721,19.93267641448525
3722,22.718107299133493
3723,-19.856507527919387
3724,-16.494887645038915
3725,0.777868099969476
3726,18.577474620226894
3727,18.577474620226894
3728,19.06828608078593
3729,11.327525371532694
3730,18.74533953405504
3731,11.324950083993318
3732,60.6498723349548
3733,22.769967013032833
3734,27.694201460461862
3735,25.005177348497746
3736,30.05177728965198
3737,24.70464740128893
3738,5.10507423137139
3739,4.871108242051633
3740,5.598919127338469
3741,104.43850666383574
3742,28.30023859518134
3743,11.35552853676753
3744,18.02747120011773
3745,24.403097196033343
3746,22.74130283528404
3747,21.67930360201349
3748,23.04644409031858
3749,22.15707926770863
3750,21.82680246307114
3751,22.947114513819372
3752,24.069760128569918
3753,26.14344089375708
3754,41.32057478876318
3755,59.570053373227985
3756,61.71739744403835
3757,2.878266368186683
3758,17.59301216068129
3759,-1.5266683505035452
3760,6.749734872441042
3761,13.936490903749405
3762,15.891268092483521
3763,10.19768752341712
3764,10.132134497504243
3765,20.0520935158455
3766,41.2377469208294
3767,18.479134814388424
3768,4.816528106694893
3769,4.816528106694893
3770,4.816528106694893
3771,11.593231095084718
3772,7.483934108631047
3773,29.869916621423272
3774,21.339006693203096
3775,28.517611325028412
3776,12.244981712594676
3777,11.83395747771224
3778,18.485356477153537
3779,19.685966005181093
3780,20.24856052003212
3781,21.155357125839345
3782,-2.8712888084374466
3783,23.249673268745546
3784,18.938995243254304
3785,17.76517880146452
3786,20.934270128273234
3787,7.664024662616935
3788,9.061839342238034
3789,33.249848218459505
3790,15.348945873597884
3791,9.64307003942265
3792,17.87933494484283
3793,11.330338827711152
3794,9.595411847042776
3795,17.324290527656025
3796,10.672727290336535
3797,11.345816655026773
3798,14.689985003198085
3799,9.604680374871808
3800,4.386246266941203
3801,15.891268092483521
3802,-4.222552998481499
3803,19.386564403942188
3804,11.601186048704157
3805,3.162940812220242
3806,3.383673488135365
3807,3.9736621792029965
3808,17.802707942784878
3809,4.161624206716404
3810,94.4980358375675
3811,94.57894123575585
3812,62.51892595179189
3813,67.15695578381275
3814,78.02758482527992
3815,68.97287188170642
3816,78.82165941089337
3817,91.39273161343354
3818,95.79164552933455
3819,52.412020646954765
3820,18.9752821356212
3821,22.92331490275982
3822,2.8374222993099316
3823,18.54041544705148
3824,28.604141783132853
3825,-6.821388735066036
3826,4.670394948977684
3827,17.23629382327941
3828,0.9175579741493092
3829,0.9175579741493092
3830,-3.4528182498507274
3831,15.372437958950318
3832,21.155357125839345
3833,6.98557981034503
3834,9.305754710830904
3835,8.728443895373822
3836,8.199934736583288
3837,7.225877591352322
3838,0.7112217900841689
3839,7.776511215227842
3840,-21.71753164641005
3841,-18.182017470665794
3842,-7.3559279075501305
3843,2.3742332069893983
3844,10.27642516386818
3845,18.89554030108662
3846,31.98602670953162
3847,11.330338827711152
3848,59.83769587247097
3849,57.805619976490426
3850,20.450834179488325
3851,13.456336830505506
3852,18.95416112073562
3853,24.397374040428403
3854,7.965910070786862
3855,60.17043534529679
3856,-12.19066338948986
3857,17.950398354308867
3858,22.405236813132113
3859,16.953643200924766
3860,7.977950491256387
3861,18.784117594338674
3862,16.19998044924214
3863,11.330338827711152
3864,25.78832329684628
3865,27.92926075201992
3866,28.03331354526064
3867,19.320201163189097
3868,7.349620596466686
3869,14.0277754380371
3870,26.046561484266945
3871,1.0176418767916697
3872,4.464579352637486
3873,-8.772544092028173
3874,15.876418929846704
3875,14.721547921393299
3876,24.98639809303736
3877,9.543643334957135
3878,15.866317688076286
3879,5.142624574125794
3880,5.785911418365135
3881,6.945535609822443
3882,24.669234216458307
3883,73.70933274455905
3884,70.27037574167818
3885,69.80684384542496
3886,68.88684757184546
3887,68.43228076985557
3888,6.9567250350549905
3889,72.62958801847799
3890,72.45123073711974
3891,19.421635667992952
3892,30.468259927349223
3893,30.47130505472518
3894,41.03123702822492
3895,13.983529090879767
3896,17.65126319321021
3897,8.989947769621388
3898,10.637979777085658
3899,20.03331497065942
3900,6.683700891409774
3901,6.683700891409774
3902,17.896149849976403
3903,25.537229493426622
3904,22.35515858080297
3905,9.214192942239922
3906,6.9567250350549905
3907,5.5589289745536306
3908,4.208928579844695
3909,15.389921384126595
3910,9.070988446571675
3911,21.07137473658829
3912,22.83382773078805
3913,24.364446301337317
3914,20.193269043044964
3915,29.07517949939472
3916,-3.147228596419467
3917,6.826600429405563
3918,0.030383459822312275
3919,2.4974041271082434
3920,2.8427141771901177
3921,-8.906753153497668
3922,2.920343265669146
3923,27.067285666965446
3924,22.94379586092611
3925,10.30362960538109
3926,10.580845901308464
3927,10.502961187079944
3928,70.37583317932109
3929,107.02267175338986
3930,45.98407895390528
3931,43.411896373069254
3932,41.83670351061087
3933,43.859861954341966
3934,10.216301852847238
3935,16.062908493696547
3936,-16.88146950136251
3937,96.71943568111286
3938,96.1358302576943
3939,0.4290495175251401
3940,21.6900857034285
3941,9.364241016629773
3942,18.763123457709348
3943,19.007779398666727
3944,17.937555170569297
3945,15.56823122028463
3946,24.723199665042948
3947,20.840247489252157
3948,19.066131408373096
3949,-3.4483340324029115
3950,-3.3265069192154453
3951,10.68171632215623
3952,-3.906692453738369
3953,23.019146734826506
3954,-2.3282033912406774
3955,11.996010000050752
3956,16.04299100677917
3957,16.2812896608216
3958,11.443885019917275
3959,4.161624206716404
3960,18.561683933916072
3961,19.386564403942188
3962,19.45873449065303
3963,18.656574233126136
3964,-5.051019000191189
3965,7.566075990878456
3966,21.535044033897435
3967,19.52472502435736
3968,2.8183520260907535
3969,16.62803160064433
3970,19.644159230510567
3971,28.517611325028412
3972,9.39088452313917
3973,7.361452065935303
3974,-19.2008940746273
3975,3.518026041909046
3976,3.77444310793733
3977,24.449812993312776
3978,25.978301140609894
3979,29.031008056589414
3980,30.505463289846347
3981,7.187242143691449
3982,-6.821388735066036
3983,-13.714256011186237
3984,2.800148124524238
3985,9.915876278485108
3986,2.578874874108852
3987,2.1568274032395394
3988,29.55423614168768
3989,24.461106976320735
3990,29.6450177584411
3991,10.502961187079944
3992,26.562008902988204
3993,29.85927595272542
3994,9.924418401088644
3995,24.319435038673724
3996,-0.7714465502194106
3997,5.18462540075841
3998,-3.4312106250566448
3999,-5.994083760876496
4000,93.9650057680353
4001,0.5623949988843844
4002,8.778704974617934
4003,8.909045895062064
4004,7.901607197488701
4005,5.79004821794576
4006,18.22093737467796
4007,7.6949644729926305
4008,13.44277151401814
4009,7.255921059644972
4010,16.96997473399054
4011,18.677537252242146
4012,25.419066499328842
4013,7.542005910660393
4014,15.081637183480307
4015,-7.495337597564465
4016,-5.757518038939331
4017,25.78832329684628
4018,15.56629764925647
4019,2.9704346853389474
4020,2.9148506710619557
4021,2.8738199589080935
4022,16.46211446255707
4023,38.767486746217365
4024,-4.874266390287671
4025,6.284668743468902
4026,2.814637737291015
4027,9.488415017122438
4028,1.5711784075183584
4029,30.907422274578813
4030,4.630943532882657
4031,9.924418401088644
4032,23.768980878070963
4033,25.89941469745407
4034,5.0009082568402725
4035,6.525417895284239
4036,5.032462776158383
4037,11.80267439480603
4038,-2.985239210994914
4039,-6.642982232929636
4040,6.296178894185289
4041,22.10331721021339
4042,32.18273127655258
4043,34.555838255622184
4044,71.96202054991241
4045,12.192768104189856
4046,22.859394855435006
4047,-5.018417174053104
4048,1.5393649754031742
4049,-2.8609531227856877
4050,22.00960618247077
4051,24.045531859152078
4052,16.683850451714996
4053,7.913834043155521
4054,-1.2112843437427756
4055,29.627288257455902
4056,5.785911418365135
4057,11.910842673680094
4058,12.2576478206317
4059,12.076281487972576
4060,10.506728842070036
4061,44.89807496333788
4062,4.445214019686237
4063,-2.95848213242804
4064,5.475229269591914
4065,3.8030220249811073
4066,6.345082440257368
4067,3.530066873969705
4068,-1.8786527034267113
4069,19.4382121342096
4070,9.924418401088644
4071,23.192680311106436
4072,22.83445642254467
4073,24.05635387879167
4074,12.930491984802938
4075,0.04868981891779889
4076,-0.8233630725605501
4077,8.892606120631498
4078,7.780347724316073
4079,10.802600161691629
4080,12.2576478206317
4081,11.598756069437684
4082,10.569224993266612
4083,15.199008762275465
4084,16.33549355647689
4085,15.30467603680869
4086,35.65862516335692
4087,35.60573362582606
4088,9.148547117489212
4089,60.88043459364254
4090,19.415354000430447
4091,17.084463790742365
4092,16.95699908038268
4093,21.31468680465283
4094,6.087071245470511
4095,10.109616547427898
4096,6.600175884105525
4097,9.53762107358489
4098,30.321968383003828
4099,14.093947038517062
4100,15.172422348800495
4101,12.9836984594501
4102,22.277899165801166
4103,18.547569556760486
4104,18.845279702917217
4105,18.367153802616123
4106,15.859422280095753
4107,17.69453842706635
4108,19.71135871250734
4109,-3.3715384952744163
4110,10.048203858766918
4111,8.96062638069818
4112,36.74558633534217
4113,6.724876683836296
4114,5.716325099448202
4115,45.19097539549424
4116,8.1113949255335
4117,44.9367909065313
4118,24.04024965264977
4119,9.084789640954277
4120,-1.9649716009592026
4121,4.450187311767994
4122,10.829364194191328
4123,9.084789640954277
4124,10.837339087541089
4125,31.020798058306475
4126,21.934996625092268
4127,22.446237969333446
4128,10.109616547427898
4129,16.012246396242745
4130,21.00483078445417
4131,19.93267641448525
4132,32.18074856203572
4133,20.774256177675845
4134,7.326340370852218
4135,25.335091567807858
4136,20.48394073213172
4137,69.4237132420293
4138,7.339148732688091
4139,7.608562161152079
4140,8.098743183146087
4141,4.255006381993407
4142,11.411871304256934
4143,17.999185995885007
4144,7.3337513779400645
4145,13.608359431186692
4146,18.64196279334206
4147,7.40699529487803
4148,11.598756069437684
4149,15.199008762275465
4150,12.135905784081753
4151,10.502961187079944
4152,12.490408582171394
4153,2.986750422993243
4154,-2.4155145863418337
4155,0.9708830139217834
4156,45.447242764262825
4157,3.3098690597495093
4158,-0.01587137558562368
4159,1.9081312128456922
4160,14.240522361080139
4161,13.782808966273894
4162,4.739444903802589
4163,9.084789640954277
4164,-5.597377574157722
4165,-0.04267961209233739
4166,26.562008902988204
4167,-2.2075461413422826
4168,15.092984185888088
4169,20.345974794840338
4170,14.480010972141628
4171,14.136557744624131
4172,13.594427581847295
4173,13.111571164552036
4174,1.6021887231677798
4175,4.670524763747295
4176,27.422538848629692
4177,21.94039859869283
4178,30.221887919709168
4179,10.580845901308464
4180,29.016560291134823
4181,19.50118358134251
4182,20.619762500133803
4183,21.24240874251837
4184,54.464041154335966
4185,58.60828477803428
4186,23.48889587274398
4187,23.336667224961495
4188,18.656574233126136
4189,19.601481616324627
4190,26.214841781569653
4191,19.076902747870342
4192,8.09284017553103
4193,13.39554374613174
4194,9.316728970426308
4195,26.552190441656393
4196,-12.693980357508055
4197,-11.812111639042548
4198,-6.659940662496394
4199,18.561683933916072
4200,5.100047835733143
4201,4.799890730397703
4202,-0.8917017264588054
4203,0.47184076214584003
4204,31.825711842884076
4205,24.799017894518123
4206,24.435998266338053
4207,24.57191059787784
4208,23.962328240200847
4209,116.71319831125038
4210,112.09561774982078
4211,-11.96172593012605
4212,10.779510236182425
4213,-1.839470281451641
4214,1.5957470645908263
4215,7.483853611536869
4216,8.12532670304397
4217,8.700857595405761
4218,8.09284017553103
4219,29.869916621423272
4220,18.630335354059383
4221,32.62242052345607
4222,3.5698761915496746
4223,20.94994971226766
4224,15.773958902212648
4225,3.522820025374937
4226,1.6396287333911665
4227,4.231905939291472
4228,24.68250733506469
4229,9.146332048303528
4230,7.542005910660393
4231,-1.4195348244802535
4232,4.846545648480255
4233,-3.152151023859533
4234,-5.506888240880748
4235,7.538537749254839
4236,18.925475062438807
4237,18.737442401345568
4238,18.981652254834927
4239,19.56939138762896
4240,2.85710276512291
4241,-2.773289670877487
4242,-2.668993902097963
4243,6.753193217254768
4244,4.536279564353034
4245,2.7685887822670274
4246,18.624852311349386
4247,16.492526072324512
4248,16.596360693854916
4249,3.570588744412138
4250,0.16223041426968265
4251,18.820633385710046
4252,18.820633385710046
